SIGNIFICANT_POINT_ID,CODE_FIR,CODE_IN_AIRWAY,CODE_ID,CODE_CHANNEL,TXT_NAME,CODE_TYPE,GEO_LAT_ACCURACY,GEO_LONG_ACCURACY,VAL_FREQ,UOM_FREQ,VAL_MAG_VAR,VAL_ELEV,UOM_DIST_VER,TXT_RMK,IS_REP_ATC,IS_PBN,PURPOSE,ROUTE_RESTRICT,IS_TRANS_POINT,IS_BORDER_POINT,SERVICED_AIRPORT,IS_MODIFIED,
cd667363-7f8c-47bf-aa98-4bdbbdad0e4f,兰州情报区,Y,DGE,CH78X,果洛,VOR/DME,N342009,E1002800,113.1,MHz,-1.29,4130,M,DME：122°径向线距台0.8NM以内、302°径向线距台0.8NM以内、30号跑道ILS/DME进近程序1NM以内不可用。,Y,N,AE,N,N,N,ZLGL,N,
64130591-e3be-4409-8c4b-6f62b690dd5c,昆明情报区,Y,XYI,CH85X,兴义,VOR/DME,N250346,E1045813,113.8,MHz,-1.7,1261,M,VOR：035°径向线距台26NM以外不可用；DME：035°径向线进离场程序距台14NM以外不可用，035°径向线距台18NM以外不可用。,Y,N,AE,N,N,N,ZUYI,N,
32d30d34-8673-4219-b619-552763d3e57b,兰州情报区,Y,AKD,CH85X,安康富强东,VOR/DME,N324507,E1085553,113.8,MHz,-3.39,406,M,VOR/DME：335°径向线顺时针方向至350°径向线之间不可用；DME：320°径向线距台18NM以外不可用。,Y,N,AE,N,N,N,ZLAK,N,
063b317d-ec2f-492a-8d17-c2925296cf8d,兰州情报区,Y,YLX,CH114X,榆林,VOR/DME,N382250,E1093447,116.7,MHz,-4.5,1195,M,,Y,N,AE,N,N,N,ZLYL,N,
786793fc-b3b9-422c-9456-a30b9d7170df,昆明情报区,Y,DLZ,CH124X,云龙,VOR/DME,N290229,E1053029,117.7,MHz,-2.12,355,M,,Y,N,AE,N,N,N,ZULZ,N,
24d94ecf-9d43-426a-9ade-c9a6b43852fb,昆明情报区,Y,TRN,CH99X,铜仁,VOR/DME,N275210,E1091739,115.2,MHz,-2.83,721,M,,Y,N,AE,N,N,N,ZUTR,N,
efd197e2-f14d-4dca-8c82-9256b0415c7c,上海情报区,Y,HSN,CH70X,舟山,VOR/DME,N295557,E1222153,112.3,MHz,-5.97,9,M,DME：096°径向线顺时针方向至104°径向线之间、243°径向线顺时针方向至254°径向线之间不可用。,Y,N,AE,N,N,N,ZSZS,N,
dae565aa-3a13-42e7-a629-8eba5cc0374d,上海情报区,Y,LJG,CH123X,连江,VOR/DME,N261316,E1193257,117.6,MHz,-4.74,,,VOR/DME：070°径向线顺时针方向至150°径向线之间（117°径向线进场程序、133°径向线离场程序除外），189°径向线初始进近程序距台22NM以外不可用；DME：004°径向线进离场程序距台22NM以外，航路程序距台35NM以外不可用。,Y,N,AE,N,N,N,ZSFZ,N,
0788e211-c5fe-4a58-9cb7-894839baa62d,广州情报区,Y,TAN,CH72X,源潭,VOR/DME,N234010,E1131435,112.5,MHz,-3,184,M,,Y,N,AE,N,N,N,ZGGG,N,
151db47c-77e4-4d2f-b8de-7308902029dd,广州情报区,Y,HCC,CH33X,河池,VOR/DME,N244811,E1074228,109.6,MHz,-2.58,699,M,,Y,N,AE,N,N,N,ZGHC,N,
0d7e892c-54bf-452c-9ac0-f7732b4e2151,昆明情报区,Y,CDX,CH110Y,德新,VOR/DME,N311456,E1042243,116.35,MHz,-1.96,540,M,255°径向线顺时针方向至360°径向线之间不可用。,Y,N,AE,N,N,N,ZUUU/ZUTF/ZUMY,N,
8ea005a0-5b03-4488-877d-1f17eed9877a,沈阳情报区,Y,HRB,CH72X,哈尔滨,VOR/DME,N453741,E1261531,112.5,MHz,-11.01,137,M,,Y,N,AE,N,N,N,ZYHB,N,
6ded6eb4-cb42-40eb-8729-5e4810a6346f,沈阳情报区,Y,TGO,CH110X,通辽,VOR/DME,N433331,E1221151,116.3,MHz,-9.63,192,M,,Y,N,AE,N,N,N,ZBTL,N,
063a86ae-6bbf-43cf-82c5-191eae1bf929,广州情报区,Y,LON,CH59X,龙州,VOR/DME,N222127,E1065209,112.2,MHz,-1.72,,,130°径向线顺时针方向至030°径向线之间（226°径向线除外）、226°径向线距台4NM以外不可用。,Y,N,E,N,N,N,,N,
6d4ffe84-2d74-459f-9e56-3d4f7893144a,上海情报区,Y,XLN,CH94X,杏林,VOR/DME,N243400,E1180058,114.7,MHz,-4.02,46,M,VOR/DME：090°径向线顺时针方向至185°径向线之间、358°径向线距台43NM以外不可用；VOR：231°径向线距台38NM以外不可用；DME：231°径向线距台35NM以外不可用。,Y,N,AE,N,N,N,ZSAM,N,
fa84b5da-cc17-4518-a308-e7859a9409bc,上海情报区,Y,JDZ,CH124X,景德镇,VOR/DME,N292032,E1171034,117.7,MHz,-4.83,43,M,DME：146°径向线距台25NM以外不可用。,Y,N,AE,N,N,N,ZSJD,N,
e5f7cb17-f4f7-4c00-aa11-3ba8dc543c77,北京情报区,Y,BJZ,CH19X,倍加皂,VOR/DME,N400323,E1132932,108.2,MHz,-5.68,,,,Y,N,AE,N,N,N,ZBDT,N,
767bdc57-1de9-4368-819e-a603ace7546d,武汉情报区,Y,YIH,CH116X,三峡,VOR/DME,N303210,E1113019,116.9,MHz,-4.28,186,M,,Y,N,AE,N,N,N,ZHYC,N,
bc840ec7-9108-4149-b069-dbabe7713043,昆明情报区,Y,FLG,CH87X,涪陵,VOR/DME,N294155,E1072237,114.0,MHz,-3.19,,,VOR：165°径向线顺时针方向至190°径向线之间、210°径向线顺时针方向至225°径向线之间不可用；DME：165°径向线顺时针方向至240°径向线之间、247°径向线离场程序距台17NM以外、247°径向线航路程序距台24NM以外不可用。,Y,N,AE,N,N,N,ZUCK,N,
fcb492e0-1cae-4757-99e4-0f3fb599866a,昆明情报区,Y,MYG,CH95X,绵阳,VOR/DME,N312603,E1044355,114.8,MHz,-2.06,538,M,,Y,N,AE,N,N,N,ZUUU/ZUMY/ZUTF,N,
61c02369-6fa6-488f-8c94-8aa68439afb1,武汉情报区,Y,DCD,CH89Y,蔡甸,VOR/DME,N302628,E1140925,114.25,MHz,-4.2,50,M,,Y,N,AE,N,N,N,ZHHH/ZHEC,N,
dd13cc10-e5cd-4fc0-9b6f-856d5d6bd408,北京情报区,Y,TYN,CH78X,太原,VOR/DME,N374459,E1123708,113.1,MHz,-5.2,786,M,VOR：280°径向线距台36NM以外不可用；DME：280°径向线距台24NM以外不可用。,Y,N,AE,N,N,N,ZBYN,N,
07d6df5a-b2a2-43ef-a798-1a29b1994a0a,上海情报区,Y,HSH,CH91X,横沙,VOR/DME,N312210,E1215043,114.4,MHz,-5.95,24,M,,Y,N,AE,N,N,N,ZSPD,N,
025b9602-34ca-437e-a445-a2bf5657e1cc,兰州情报区,Y,XHE,CH116X,夏河,VOR/DME,N344846,E1023914,116.9,MHz,-1.81,3216,M,,Y,N,AE,N,N,N,ZLXH,N,
94fba2f5-7364-4846-8c70-69e71d851b44,昆明情报区,Y,XYO,CH114X,叙永,VOR/DME,N281014,E1052517,116.7,MHz,-2.03,,,,Y,N,E,N,N,N,,N,
fc699194-b4db-497e-b566-152c2ede37c1,兰州情报区,Y,JNQ,CH74X,额济纳旗,VOR/DME,N415927,E1010255,112.7,MHz,-1.64,,,,Y,N,E,N,N,N,,N,
a83a10da-8608-49f2-a9e9-d061552a95c7,上海情报区,Y,AND,CH95X,庵东,VOR/DME,N301518,E1211314,114.8,MHz,-6.01,32,M,,Y,N,AE,N,N,N,ZSPD/ZSNB,N,
3bd97cf2-5dc0-4a4c-96fc-f17803d5461d,上海情报区,Y,XDX,CH41X,薛家岛,VOR/DME,N355838,E1201728,110.4,MHz,-7.27,110,M,VOR：164°径向线航路高度4200m距台43-44NM之间不可用。,Y,N,AE,N,N,N,ZSQD,N,
1ee26ff6-dc54-43b0-93db-0a3978b394e8,上海情报区,Y,NXD,CH112X,南浔,VOR/DME,N305352,E1202542,116.5,MHz,-5.89,,,,Y,N,E,N,N,N,,N,
6f3aec0d-8848-46ee-af29-d626e2d41c1c,广州情报区,Y,YIN,CH82X,英德,VOR/DME,N241130,E1132457,113.5,MHz,-3.12,167,M,,Y,N,AE,N,N,N,ZGGG,N,
dd3f1f2b-388b-4f49-97e9-706bf60734fb,广州情报区,Y,NLG,CH124X,南朗,VOR/DME,N223150,E1133347,117.7,MHz,-3.24,9,M,,Y,N,AE,N,N,N,ZGSZ,N,
a9f2ba84-835e-4ab0-a39e-85b0ad3f2b31,昆明情报区,Y,GMA,CH94X,耿马,VOR/DME,N233146,E0992435,114.7,MHz,-0.91,,,150°径向线顺时针方向至215°径向线之间不可用。,Y,N,AE,N,N,N,ZPCW,N,
4a287f6e-d068-4050-91e3-9b6b14cd600b,沈阳情报区,Y,CHF,CH102X,赤峰,VOR/DME,N421120,E1184839,115.5,MHz,-8.72,748,M,,Y,N,AE,N,N,N,ZBCF,N,
4d4ba7ef-845c-4a77-ac89-304261867a05,广州情报区,Y,SWA,CH73X,汕头,VOR/DME,N232619,E1164605,112.6,MHz,-3.51,,,,Y,N,E,N,N,N,,N,
fa805981-e399-4209-a5ee-a736b462cfdc,武汉情报区,N,DWS,CH121X,尉氏,VOR/DME,N341919,E1140446,117.4,MHz,-5.55,80,M,,Y,N,AE,N,N,N,ZHCC,N,
0d858534-32f2-468f-a074-358c353a392c,兰州情报区,Y,DWZ,CH71X,吴忠,VOR/DME,N375523,E1062039,112.4,MHz,-3.24,1103,M,,Y,N,AE,N,N,N,ZLIC,N,
5b434b32-0155-45be-8235-a2dde197c9ca,昆明情报区,Y,XFA,CH45X,盘龙,VOR/DME,N252409,E1025605,110.8,MHz,-1.5,2788,M,,Y,N,AE,N,N,N,ZPPP,N,
cef39028-3952-4890-a88d-41ea932877db,昆明情报区,Y,LPS,CH110X,六盘水,VOR/DME,N263842,E1050144,116.3,MHz,-1.77,2101,M,,Y,N,AE,N,N,N,ZUPS,N,
3e7afd87-76e2-4bda-add9-99da400882e7,兰州情报区,Y,QIY,CH81X,庆阳,VOR/DME,N354756,E1073600,113.4,MHz,-3.34,1411,M,,Y,N,AE,N,N,N,ZLQY,N,
828fcc3e-e1e3-4638-b5f4-f5dda76d085d,广州情报区,Y,WYN,CH86X,翁源,VOR/DME,N242055,E1140647,113.9,MHz,-3.24,43,M,098°径向线距台33NM以外不可用。,Y,N,E,N,N,N,,N,
878f45f6-c48c-45f7-a716-8d52fb2408c2,武汉情报区,Y,SNF,CH58Y,巫山,VOR/DME,N310425,E1094238,112.15,MHz,-3.5,1779,M,,Y,N,AE,N,N,N,ZUWS,N,
cd2d023d-6222-49a8-942e-730670d3e92d,昆明情报区,Y,DJT,CH93X,马龙,VOR/DME,N253149,E1033624,114.6,MHz,-2.08,2314,M,,Y,N,AE,N,N,N,ZPPP,N,
f3798809-cd5a-4ea4-9179-aa8d97c62bb1,昆明情报区,Y,ZAT,CH102X,昭通,VOR/DME,N271919,E1034513,115.5,MHz,-2.17,,,VOR：077°径向线距台20NM以外不可用；DME：053°径向线顺时针方向至057°径向线之间、077°径向线距台18NM以外不可用。,Y,N,AE,N,N,N,ZPZT,N,
d7fb5f11-aad1-4ea7-a48f-51e436b5dcd3,北京情报区,Y,LHT,CH72X,二连浩特,VOR/DME,N432453,E1120732,112.5,MHz,-6.12,1014,M,有效距离280KM，255°径向线顺时针方向至025°径向线之间（281°径向线等待程序1.5-6NM之间、295°径向线进近程序3-9NM之间、312°径向线起始进近程序1.7-9NM之间、334°径向线RWY30离场程序1.5-8NM之间除外）不可用。,Y,N,AE,N,N,N,ZBER,N,
759fcd60-a5e4-4f00-b770-4f67001f2685,昆明情报区,Y,SHC,CH47X,长生桥,VOR/DME,N292549,E1064347,111.0,MHz,-3.02,500,M,,Y,N,AE,N,N,N,ZUCK,N,
a92bca87-6adc-4cd5-9e63-b0f491bbd563,兰州情报区,Y,KLX,CH43X,寇岭,VOR/DME,N341550,E1091448,110.6,MHz,-4.17,908,M,VOR：100°径向线距台10NM以外不可用；DME：340°径向线距台20NM以外不可用。,Y,N,AE,N,N,N,ZLXY,N,
2233830f-b59c-43e8-b10b-bc5b9985970b,兰州情报区,Y,LCZ,CH27X,龙枣村,VOR/DME,N342702,E1084731,109.0,MHz,-4.09,474,M,,Y,N,AE,N,N,N,ZLXY,N,
ce6b4fe3-1d36-43bf-ad62-3a714714fb16,昆明情报区,Y,KWE,CH90X,贵阳,VOR/DME,N263119,E1064739,114.3,MHz,-2.67,1178,M,,Y,N,AE,N,N,N,ZUGY,N,
859ed92f-6cc7-4f07-bdbf-f56696e61d28,上海情报区,Y,WEH,CH105X,威海,VOR/DME,N371103,E1221331,115.8,MHz,-7.73,45,M,,Y,N,AE,N,N,N,ZSWH,N,
ad22bb37-4f0c-45da-a527-b63f5552236c,上海情报区,Y,TAO,CH122X,青岛,VOR/DME,N361714,E1202206,117.5,MHz,-7.38,18,M,,Y,N,E,N,N,N,,N,
a734eeda-1fa2-4dfb-b98e-c2575e091800,乌鲁木齐情报区,Y,TCH,CH78X,塔城,VOR/DME,N463936,E0832211,113.1,MHz,5.12,619,M,220°径向线顺时针方向至060°径向线之间（除277°、283°、297°、299°径向线外）、297°径向线距台11NM以外不可用。,N,N,AE,N,N,N,ZWTC,N,
1305d76a-43a8-4a08-852e-e69c30cd646b,沈阳情报区,Y,NDG,CH76X,齐齐哈尔,VOR/DME,N471438,E1235515,112.9,MHz,-11.16,,,,Y,N,AE,N,N,N,ZYQQ,N,
5b62f31f-dc2c-4702-a816-893dfe6aee47,广州情报区,Y,CZA,CH117X,郴州,VOR/DME,N254427,E1124828,117.0,MHz,-3.64,317,M,,Y,N,AE,N,N,N,ZGCZ,N,
1df3f4ce-14c9-4db2-a19e-93fb5cb77b08,武汉情报区,Y,WXI,CH104X,魏县,VOR/DME,N362144,E1145503,115.7,MHz,-6.24,,,,Y,N,E,N,N,N,,N,
43dd3dd9-f499-4aac-83f3-e459b333cfe0,上海情报区,Y,MLJ,CH117Y,秣陵,VOR/DME,N315045,E1185124,117.05,MHz,-6.22,19,M,,Y,N,AE,N,N,N,ZSNJ,N,
d0905d38-a666-4e41-8a03-c579041c59c8,上海情报区,Y,PLT,CH53X,蟠龙,VOR/DME,N254825,E1145235,111.6,MHz,-3.67,163,M,,Y,N,AE,N,N,N,ZSGZ,N,
064b5e38-eb15-45d9-b93c-bfc20871362d,沈阳情报区,Y,YNJ,CH78X,延吉,VOR/DME,N425304,E1292702,113.1,MHz,-10.6,210,M,受边境限制，040°顺时针至218°方位扇区不提供使用，但限用范围内飞行程序所涉及的径向线可用。,Y,N,AE,N,N,N,ZYYJ,N,
d55342af-840c-4a45-a665-3c57126ab361,上海情报区,Y,TOL,CH106X,桐庐,VOR/DME,N294552,E1193930,115.9,MHz,-5.46,54,M,DME：098°径向线顺时针方向至153°径向线之间、252°径向线距台32NM以外、282°径向线顺时针方向至315°径向线之间、328°径向线顺时针方向至338°径向线之间不可用。,Y,N,E,N,N,N,,N,
1f3cfff4-b9c9-4823-bf65-df899c9aa07e,武汉情报区,Y,ENH,CH94X,恩施,VOR/DME,N301734,E1093601,114.7,MHz,-3.33,1147,M,,Y,N,AE,N,N,N,ZHES,N,
e8c27658-3caf-4338-bc30-fbc65aeab45a,北京情报区,Y,TAJ,CH58X,天津,VOR/DME,N390640,E1172125,112.1,MHz,-6.99,11,M,,Y,N,AE,N,N,N,ZBTJ,N,
e6b8d04a-c42f-4b0c-b3ac-498f689ebf8a,武汉情报区,Y,LYA,CH88X,洛阳,VOR/DME,N344427,E1122347,114.1,MHz,-5.23,268,M,,Y,N,AE,N,N,N,ZHLY,N,
3208c3aa-e510-491b-9a41-f21550e78758,乌鲁木齐情报区,Y,FKG,CH110X,阜康,VOR/DME,N441016,E0875854,116.3,MHz,2.89,551,M,DME：224°径向线距台15NM以外、245°径向线距台33NM以外不可用。,Y,N,AE,N,N,N,ZWWW,N,
83fa36e5-63aa-41b4-80a4-df90b867c65e,沈阳情报区,Y,LJB,CH106X,万昌,VOR/DME,N434619,E1255100,115.9,MHz,-10.41,199,M,,Y,N,AE,N,N,N,ZYCC,N,
6253c6bb-4e51-4bc6-9143-d04597bde746,兰州情报区,Y,YBL,CH104X,雅布赖,VOR/DME,N392522,E1024624,115.7,MHz,-2.27,,,,Y,N,E,N,N,N,,N,
02a1893b-bd0f-486a-937f-c10dd7016542,乌鲁木齐情报区,Y,DJQ,CH94X,玉都,VOR/DME,N381304,E0852639,114.7,MHz,2.2,1232,M,,Y,N,AE,N,N,N,ZWCM,N,
972589cb-1bb7-46f7-900a-e0aa2daf48b7,上海情报区,Y,FOC,CH115X,福州,VOR/DME,N255633,E1193953,116.8,MHz,-4.78,,,010°径向线顺时针方向至175°径向线之间(013°、016°、034°径向线进离场程序和进近程序除外)不可用。,Y,N,AE,N,N,N,ZSFZ,N,
b28151a0-ca9c-4728-b283-4d2bc757f759,兰州情报区,Y,BDA,CH72X,巴丹吉林,VOR/DME,N391238,E1013411,112.5,MHz,-1.76,1432,M,,Y,N,AE,N,N,N,ZBAR,N,
cbca97a7-cb60-4bb5-b969-4f02d91f2eec,昆明情报区,Y,CZH,CH92X,崇州,VOR/DME,N303845,E1034107,114.5,MHz,-1.76,,,,Y,N,AE,N,N,N,ZUUU/ZUTF,N,
576211c6-6c22-4f82-812c-44cd0809f232,昆明情报区,Y,CWL,CH103Y,武隆,VOR/DME,N292805,E1074129,115.65,MHz,-2.6,1755,M,DME：039°径向线距台35NM以外、060°径向线顺时针方向至125°径向线之间不可用。,Y,N,AE,N,N,N,ZUWL,N,
7c67f902-19ef-42ce-9ba7-3fef6cb6f31f,广州情报区,Y,WUY,CH71X,南宁,VOR/DME,N223510,E1080900,112.4,MHz,-1.95,142,M,VOR：228°径向线距台0.3至-0.5NM之间不可用；DME：228°径向线距台0至-0.5NM之间不可用。,Y,N,AE,N,N,N,ZGNN,N,
8fbc4a64-bc4c-4295-a2e3-37de4171b2a7,北京情报区,Y,SJW,CH124X,正定,VOR/DME,N381653,E1144200,117.7,MHz,-5.97,68,M,,Y,N,AE,N,N,N,ZBSJ,N,
390c224b-4e76-4d5e-902b-c241009455fb,广州情报区,Y,BHY,CH118X,南康,VOR/DME,N213506,E1092559,117.1,MHz,-2.05,35,M,,Y,N,AE,N,N,N,ZGBH,N,
9e03fb52-30e6-436a-a3b1-131f8e61022a,昆明情报区,Y,CTU,CH104X,双流,VOR/DME,N303421,E1035630,115.7,MHz,-1.82,505,M,,Y,N,AE,N,N,N,ZUTF/ZUUU,N,
e0eb8173-54ac-4c6f-b9f9-d9d16e6dcb58,上海情报区,N,XMN,CH92X,厦门,VOR/DME,N243239,E1180728,114.5,MHz,-4.03,23,M,060°径向线顺时针方向至220°径向线之间不可用。,Y,N,AE,Y,N,N,ZSAM,N,
ae314a64-a743-4f5c-a9c5-d0804bc32487,沈阳情报区,Y,JMU,CH82X,佳木斯,VOR/DME,N465025,E1302750,113.5,MHz,-11.7,91,M,,Y,N,AE,N,N,N,ZYJM,N,
953a653c-fd3c-446b-a1ad-d989ce5130e7,上海情报区,Y,JYC,CH45X,宜春,VOR/DME,N274903,E1141947,110.8,MHz,-4.36,143,M,,Y,N,AE,N,N,N,ZSYC,N,
ac3f5453-435e-4465-9538-217256df4647,广州情报区,Y,JCS,CH113X,牛岭,VOR/DME,N233550,E1162438,116.6,MHz,-3.86,138,M,,Y,N,AE,N,N,N,ZGOW,N,
ba6260a1-2091-4661-a062-7d0e130a5d2d,昆明情报区,Y,HLC,CH106Y,回龙,VOR/DME,N301809,E1034138,115.95,MHz,-1.76,567,M,,Y,N,AE,N,N,N,ZUUU/ZUTF,N,
0caf242d-04a2-457c-abc9-8bf6c8754575,沈阳情报区,Y,FYU,CH84X,扶余,VOR/DME,N445446,E1244817,113.7,MHz,-10.48,,,,Y,N,E,N,N,N,,N,
20a2177c-2908-4027-ad44-3d51311031b0,北京情报区,Y,DHC,CH70X,承德,VOR/DME,N410745,E1180251,112.3,MHz,-7.95,687,M,VOR：231°径向线距台24-26NM之间不可用。,Y,N,AE,N,N,N,ZBCD,N,
97e499c4-2b9a-4669-aadc-8858714306f3,上海情报区,Y,YCS,CH111X,蓬莱,VOR/DME,N374048,E1210005,116.4,MHz,-7.58,48,M,,Y,N,AE,N,N,N,ZSYT,N,
ed951e24-2dfd-45a6-a9e0-8c0ccf20904d,上海情报区,Y,GFK,CH123Y,连云港,VOR/DME,N342334,E1190959,117.65,MHz,-6.42,18,M,,Y,N,AE,N,N,N,ZSLG,N,
4a3c8ddd-9d15-4f66-b4c1-23ee36d4fe30,乌鲁木齐情报区,Y,DSC,CH72X,叶尔羌,VOR/DME,N381324,E0770413,112.5,MHz,3.71,1317,M,,Y,N,AE,N,N,N,ZWSC,N,
e11c4456-4888-4b4f-8f58-771136d4c877,三亚情报区,Y,DBA,CH101X,博鳌,VOR/DME,N190945,E1102624,115.4,MHz,-2.19,33,M,DME：272°径向线30NM以外不可用。,Y,N,AE,N,N,N,ZJQH,N,
379f236a-7c59-4af4-85c8-9c6fd83dea15,兰州情报区,Y,NNW,CH94Y,南泥湾,VOR/DME,N362516,E1092903,114.75,MHz,-4.07,1314,M,VOR：168°径向线距台0.2NM以内，348°径向线距台0.3NM以内不可用；DME：168°径向线距台0.1NM以内，348°径向线距台0.8NM以内不可用。,Y,N,AE,N,N,N,ZLYA,N,
55ae514d-c12f-4501-82dc-3afb7cc12d85,广州情报区,Y,DYG,CH91X,张家界,VOR/DME,N290539,E1102423,114.4,MHz,-3.26,246,M,,Y,N,AE,N,N,N,ZGDY,N,
bfe1694c-9742-465a-9d4f-2f1b33a6b693,广州情报区,Y,LLC,CH109X,老粮仓,VOR/DME,N280401,E1121233,116.2,MHz,-3.5,,,,Y,N,E,N,N,N,,N,
93a0b40e-865a-47e7-bc89-9a3ed4bf8af8,武汉情报区,Y,WHA,CH59X,天河,VOR/DME,N304659,E1141216,112.2,MHz,-4.23,43,M,DME：074°径向线距台46-48NM之间、68NM以外，211°径向线距台45NM以外不可用。,Y,N,AE,N,N,N,ZHHH/ZHEC,N,
4bc81dcb-0266-4a11-99fe-51dab90e68fa,乌鲁木齐情报区,Y,HAM,CH78X,陶家宫,VOR/DME,N425040,E0934003,113.1,MHz,0.8,843,M,DME：290°径向线距台13NM以内不可用。,Y,N,AE,N,N,N,ZWHM,N,
53580116-bfd6-4dec-8a5e-0c0501c92d2b,广州情报区,Y,SHL,CH104X,石龙,VOR/DME,N230534,E1135104,115.7,MHz,-3.04,,,,Y,N,AE,N,N,N,ZGGG,N,
f7a033d2-2f72-4cc1-b0ad-e4e0e0eacddf,昆明情报区,Y,DZM,CH107X,茅台,VOR/DME,N275603,E1062622,116.0,MHz,-2.21,1257,M,285°径向线顺时针至350°径向线之间、350°径向线顺时针至040°径向线之间距台14NM以外不可用。,Y,N,AE,N,N,N,ZUMT,N,
2644f3a5-3e0d-4e72-80e4-ad81d1edafc4,广州情报区,Y,LBN,CH84X,来宾,VOR/DME,N234552,E1090844,113.7,MHz,-2.24,126,M,,Y,N,E,N,N,N,,N,
db7091f7-1ddc-4d9e-a179-2f12e03938ae,上海情报区,Y,HCH,CH108X,黄城,VOR/DME,N373912,E1203239,116.1,MHz,-7.51,34,M,,Y,N,AE,N,N,N,ZSYT,N,
37f948ce-7c52-4486-ae62-74b259c70c38,乌鲁木齐情报区,Y,CWB,CH74X,柴窝堡,VOR/DME,N433244,E0875643,112.7,MHz,2.7,1130,M,350°径向线顺时针方向至090°径向线之间不可用。,Y,N,E,N,N,N,,N,
bd3a1e92-fc46-4e97-a52c-013f394411b2,北京情报区,Y,HAR,CH86X,张家口,VOR/DME,N404345,E1145754,113.9,MHz,-6.56,735,M,DME：004°径向线顺时针方向至027°径向线之间不可用。,Y,N,AE,N,N,N,ZBZJ,N,
201d90e2-4dcb-4033-b658-587f857651b8,武汉情报区,N,DZY,CH115X,中原,VOR/DME,N344339,E1133304,116.8,MHz,-5.49,196,M,,Y,N,AE,N,N,N,ZHCC,N,
91047f19-2562-476e-9c0e-5082bdb3c9a1,北京情报区,Y,VYK,CH74X,大王庄,VOR/DME,N391136,E1163425,112.7,MHz,-6.84,,,,Y,N,E,N,N,N,,N,
9849f62b-94d2-491a-a1a6-adfd570f6a5b,昆明情报区,Y,CEH,CH81X,程海,VOR/DME,N263958,E1004315,113.4,MHz,-1.11,2629,M,,Y,N,AE,N,N,N,ZPLJ,N,
70641d38-93a3-40eb-b078-1681aa3d4050,沈阳情报区,Y,DBL,CH101X,大连,VOR/DME,N385748,E1213416,115.4,MHz,-7.88,59,M,,Y,N,AE,N,N,N,ZYTL,N,
e0ca74f8-7941-44a1-b83a-ba24b3728805,广州情报区,Y,POU,CH88X,平洲,VOR/DME,N230114,E1131130,114.1,MHz,-2.84,27,M,,Y,N,AE,N,N,N,ZGGG,N,
5161c019-32e2-4be4-81cc-9fa3b94a96e0,兰州情报区,Y,GAZ,CH83X,张掖,VOR/DME,N384902,E1003759,113.6,MHz,-1.49,1571,M,,Y,N,AE,N,N,N,ZLZY,N,
cf4d0214-739f-4497-b188-b836d7b35300,昆明情报区,Y,LJA,CH84X,丽江,VOR/DME,N264620,E1001628,113.7,MHz,-1.06,2438,M,VOR/DME：015°径向线距台0.4NM以内、070°径向线顺时针方向至090°径向线之间、195°径向线距台0.8NM以内不可用；VOR：053°径向线航路高度5100米距台25NM以外、106°径向线距台22NM以外不可用；DME：053°径向线航路高度5100米距台17NM以外、106°径向线距台13NM以外、319°径向线顺时针方向至321°径向线之间不可用。,Y,N,AE,N,N,N,ZPLJ,N,
4efe96cd-5de9-492c-bf19-030b1b62366a,兰州情报区,Y,ZWX,CH122X,中卫,VOR/DME,N373420,E1050734,117.5,MHz,-2.89,1263,M,DME：231°径向线距台36NM以外不可用。,Y,N,AE,N,N,N,ZLZW,N,
d9859393-b23d-4c79-b6fb-e24cbdbe5287,上海情报区,Y,HZG,CH57Y,菏泽,VOR/DME,N351134,E1154429,112.05,MHz,-6.15,52,M,,Y,N,AE,N,N,N,ZSHZ,N,
78ede5ab-95af-496f-b381-99b3f833c1c1,昆明情报区,Y,RKZ,CH82X,日喀则,VOR/DME,N292112,E0891610,113.5,MHz,0.46,3805,M,VOR：355°径向线顺时针方向至005°径向线之间不可用；DME：175°径向线顺时针方向至180°径向线之间，350°径向线顺时针方向至010°径向线之间不可用。,Y,N,AE,N,N,N,ZURK,N,
b47cd99c-2235-4f80-8e26-0bfc78b51f99,昆明情报区,Y,DJM,CH80X,澜沧,VOR/DME,N222327,E0995004,113.3,MHz,-1.29,1438,M,VOR/DME：120°径向线顺时针方向至340°径向线之间（120°、276°、287°、295°、300°径向线除外）不可用；DME：010°径向线进离场程序距台20NM以外、010°径向线航路程序距台28NM以外不可用。,Y,N,AE,N,N,N,ZPJM,N,
b83e0a94-ce7f-4135-a4f0-cfb8666f2247,乌鲁木齐情报区,Y,WUR,CH100X,乌鲁木齐,VOR/DME,N435451,E0873027,115.3,MHz,2.44,664,M,,N,N,AE,N,N,N,ZWWW,N,
b8961504-6021-4e39-8d51-eba70fe7787e,乌鲁木齐情报区,Y,AKS,CH98X,阿克苏,VOR/DME,N411538,E0801711,115.1,MHz,3.72,1185,M,,Y,N,AE,N,N,N,ZWAK,N,
e34b90a8-f2cb-4f5c-8689-303728587dfc,兰州情报区,Y,CKA,CH106X,茶卡,VOR/DME,N364653,E0990656,115.9,MHz,-1.02,3146,,,Y,N,E,N,N,N,,N,
b898f8e7-f97d-461a-8444-bcf47d27685a,上海情报区,Y,DST,CH29X,东山,VOR/DME,N274456,E1203743,109.2,MHz,-5.07,39,M,VOR/DME：021°径向线顺时针方向至041°径向线进近程序、036°径向线进离场程序距台22NM以外不可用；VOR：032°径向线进近程序距台22NM以外不可用；DME：032°径向线进近程序距台17NM以外、294°径向线进离场程序距台37NM以外不可用。,Y,N,AE,N,N,N,ZSWZ,N,
9cb6f8a8-2c22-4c82-9a91-a862b2beaad0,昆明情报区,Y,XIC,CH89X,西昌,VOR/DME,N280008,E1021056,114.2,MHz,-1.3,1566,M,有效距离40NM；DME：076°径向线顺时针方向至110°径向线之间不可用。,Y,N,AE,N,N,N,ZUXC,N,
85a489ad-242d-4206-aa21-68076e575415,上海情报区,Y,NCH,CH98X,昌北,VOR/DME,N285311,E1155447,115.1,MHz,-4.48,43,M,,Y,N,AE,N,N,N,ZSCN,N,
86111d82-cd1c-4896-816a-370da6c7f1de,昆明情报区,Y,XSJ,CH19X,晋宁,VOR/DME,N244056,E1024804,108.2,MHz,-1.36,2383,M,,Y,N,AE,N,N,N,ZPPP,N,
14a69854-054b-4ac3-ba40-8317edeec3b5,广州情报区,Y,LMN,CH110X,龙门,VOR/DME,N233851,E1141941,116.3,MHz,-3.2,39,M,,Y,N,AE,N,N,N,ZGGG,N,
45b27083-9ddf-47b6-88d4-37d9f5b2b5f3,上海情报区,Y,KHN,CH74X,向塘,VOR/DME,N282543,E1155519,112.7,MHz,-4.37,9,M,,Y,N,AE,Y,N,N,ZSCN,N,
79dd8848-200f-4d18-a713-875bf285a867,沈阳情报区,Y,MZL,CH78X,满洲里,VOR/DME,N491945,E1173846,113.1,MHz,-10.48,,,320°径向线顺时针方向至100°径向线之间（007°、343°径向线除外）不可用。,Y,N,AE,N,N,N,ZBMZ,N,
396da75d-25e3-4f27-972d-3abf9b0a89c2,上海情报区,Y,WYS,CH126X,武夷山,VOR/DME,N274044,E1175923,117.9,MHz,-4.68,201,M,VOR：257°径向线顺时针至282°径向线之间（除257°径向线），077°径向线进离场程序距台22NM以外、319°径向线进离场程序距台21NM以外不可用；DME：250°径向线顺时针至291°径向线之间（除253°、257°径向线），077°径向线进离场程序距台14NM以外、253°径向线进离场程序距台13NM以外、319°径向线进离场程序距台21NM以外不可用。,Y,N,AE,N,N,N,ZSWY,N,
5b8c3030-5260-4281-99e8-ba6cb35a4d5f,上海情报区,Y,DSH,CH120X,党山,VOR/DME,N300858,E1203001,117.3,MHz,-5.9,38,M,,Y,N,AE,N,N,N,ZSHC,N,
902d8c28-b77a-4b75-81f4-a79650b720a0,广州情报区,Y,GLB,CH75X,荔波,VOR/DME,N252724,E1075743,112.8,MHz,-2.67,854,M,,Y,N,AE,N,N,N,ZULB,N,
00ce3d67-6768-4031-8830-141fb7a762a9,广州情报区,Y,ZHJ,CH125X,芷江,VOR/DME,N272704,E1094226,117.8,MHz,-2.86,275,M,,Y,N,AE,N,N,N,ZGCJ,N,
be32fed7-7a75-4450-9e2d-01abfcd4ac9f,武汉情报区,Y,HOK,CH107X,河口,VOR/DME,N311925,E1142545,116.0,MHz,-4.46,,,,Y,N,AE,N,N,N,ZHEC,N,
43bff668-686c-4423-8f15-a7a112d40de2,沈阳情报区,Y,ZLT,CH74X,扎兰屯,VOR/DME,N475334,E1224635,112.7,MHz,-11.17,299,M,,Y,N,AE,N,N,N,ZBZL,N,
d2af56a7-8a20-4313-87cf-1b148e8d0572,昆明情报区,Y,WFX,CH118X,五凤溪,VOR/DME,N303619,E1042926,117.1,MHz,-1.97,,,,Y,N,AE,N,N,N,ZUUU/ZUTF,N,
3aec534d-5e8b-4efd-bfde-879923677322,乌鲁木齐情报区,Y,NLT,CH102X,那拉提,VOR/DME,N432600,E0832246,115.5,MHz,3.77,935,M,135°径向线顺时针方向至205°径向线之间不可用。,N,N,AE,N,N,N,ZWNL,N,
09b0775e-1316-4fd2-9d81-37470cc2cd90,广州情报区,Y,BSE,CH106X,百色,VOR/DME,N235529,E1063610,115.9,MHz,-1.84,380,M,,Y,N,AE,N,N,N,ZGBS,N,
74603d09-9e3b-4b8a-b6b5-b568d0199ffc,昆明情报区,Y,BHS,CH126X,柏鹤寺,VOR/DME,N303037,E1041205,117.9,MHz,-1.89,,,VOR：219°径向线进场程序距台20NM以外不可用。,Y,N,AE,N,N,N,ZUTF/ZUUU,N,
a20732a7-3804-406f-b0c3-e88e9af57c7e,沈阳情报区,Y,SEY,CH88X,沈阳,VOR/DME,N413825,E1232848,114.1,MHz,-9.09,59,M,,Y,N,AE,N,N,N,ZYTX,N,
c0528c50-cf47-49b1-8db4-39d951e768ea,武汉情报区,Y,DXM,CH123X,信阳,VOR/DME,N323146,E1140305,117.6,MHz,-5.4,101,M,,Y,N,AE,N,N,N,ZHXY,N,
203ca438-fcfa-4ba0-a48f-87578a6f4a16,沈阳情报区,Y,HLD,CH98X,海拉尔,VOR/DME,N491215,E1194922,115.1,MHz,-10.25,667,M,,Y,N,AE,N,N,N,ZBLA,N,
eb99e7d5-8cde-46be-a1aa-32f6a6a0c9ee,北京情报区,Y,LUX,CH118X,滦县,VOR/DME,N394426,E1184340,117.1,MHz,-7.54,,,VOR：273°径向线离场程序距台21NM以外、275°径向线离场程序距台29NM以外不可用。,Y,N,E,N,N,N,,N,
38c7a454-7028-49a4-a9c8-f618ae96e203,兰州情报区,Y,JTA,CH96X,景泰,VOR/DME,N371144,E1040441,114.9,MHz,-2.47,,,VOR：232°径向线距台30NM以外、279°径向线距台65NM以外不可用；DME：232°径向线距台25NM以外、279°径向线距台50NM以外不可用。,Y,N,E,N,N,N,,N,
d3148638-98d6-48ed-a603-0f69a1caf7d5,昆明情报区,Y,DRD,CH118X,东定日,VOR/DME,N283559,E0865459,117.1,MHz,0.6,4301,M,VOR/DME：141°径向线顺时针方向至210°径向线之间不可用；VOR：210°径向线顺时针方向至218°径向线之间、310°径向线顺时针方向至016°径向线之间（004°径向线除外）、004°径向线距台21NM以外、004°径向线进离场程序距台15NM以外不可用；DME：210°径向线顺时针方向至226°径向线之间、307°径向线顺时针方向至036°径向线之间（004°径向线除外）、004°径向线距台13NM以外、004°径向线进离场程序距台9NM以外不可用。,Y,N,AE,N,N,N,ZUDR,N,
3956abfe-b45f-41f4-8751-c79ec739420c,上海情报区,Y,HGH,CH77X,杭州,VOR/DME,N301428,E1202738,113.0,MHz,-5.9,13,M,,Y,N,AE,N,N,N,ZSHC,N,
fdab05d3-f777-4da8-a84f-b2e2d87aa68b,沈阳情报区,Y,JGD,CH92X,加格达奇,VOR/DME,N502218,E1240717,114.5,MHz,-11.83,376,M,,Y,N,AE,N,N,N,ZYJD,N,
d01428de-7641-4ddc-a9bc-79f8813e413f,上海情报区,Y,PUD,CH116X,浦东,VOR/DME,N311014,E1214657,116.9,MHz,-5.92,15,M,,Y,N,AE,N,N,N,ZSPD,N,
690b3950-4ecc-4b73-abef-54879ca5304c,昆明情报区,Y,TEC,CH49X,腾冲,VOR/DME,N245644,E0982858,111.2,MHz,-0.81,1893,M,,Y,N,AE,N,N,N,ZPTC,N,
84677154-08b7-43fd-8732-75e4e59fee6e,北京情报区,Y,TZH,CH103X,天镇,VOR/DME,N402434,E1140309,115.6,MHz,-6.21,,,,Y,N,E,N,N,N,,N,
14a18c9c-b5cb-4030-8685-64672ac74645,武汉情报区,Y,DNY,CH85Y,安阳,VOR/DME,N355038,E1142704,113.85,MHz,-6.05,116,M,,Y,N,AE,N,N,N,ZHQQ,N,
40388738-853e-4616-96ee-745af5d5324e,沈阳情报区,Y,HEK,CH87X,黑河,VOR/DME,N501002,E1271833,114.0,MHz,-11.88,330,M,330°径向线顺时针方向至190°径向线之间不可用。,Y,N,AE,N,N,N,ZYHE,N,
1910e225-88c9-4252-a502-273b495500c7,武汉情报区,Y,DHP,CH84Y,黄陂,VOR/DME,N305217,E1142817,113.75,MHz,-4.2,55,M,,Y,N,AE,N,N,N,ZHHH/ZHEC,N,
943d07be-8c45-4750-b7d6-b3dac081f39e,三亚情报区,Y,WCF,CH122X,文昌,VOR/DME,N195100,E1104723,117.5,MHz,-2.06,49,M,,Y,N,AE,N,N,N,ZJHK,N,
00af35c0-dcf3-4cce-ab4b-136877cd5691,昆明情报区,Y,LZP,CH70X,隆子,VOR/DME,N282554,E0921301,112.3,MHz,0.02,4046,M,VOR/DME：105°径向线顺时针方向至230°径向线之间不可用；VOR：360°径向线顺时针方向至002°径向线之间、015°径向线顺时针方向至036°径向线之间、344°径向线顺时针方向至355°径向线之间、359°径向线进离场程序距台20NM以外、359°径向线航路程序距台28NM以外不可用；DME：335°径向线顺时针方向至060°径向线之间、255°径向线顺时针方向至261°径向线之间、271°径向线顺时针方向至275°径向线之间、359°径向线进场程序距台14NM以外、359°径向线离场程序、359°径向线航路程序距台19NM以外不可用。,Y,N,AE,N,N,N,ZUSH,N,
6dba93a3-11df-45b5-aa74-0d5534a39cb1,上海情报区,Y,XSY,CH74X,书院,VOR/DME,N305558,E1215219,112.7,MHz,-5.92,27,M,,Y,N,AE,N,N,N,ZSPD,N,
4bdadfd1-37b1-4471-b70f-3be12940fb0e,上海情报区,Y,FQG,CH121X,福清,VOR/DME,N254429,E1192310,117.4,MHz,-4.54,,,037°径向线距台26NM以外不可用。,Y,N,AE,N,N,N,ZSFZ,N,
c6efacde-5d38-4a4d-acc5-138dee10898f,沈阳情报区,Y,CHI,CH115X,长海,VOR/DME,N391603,E1223703,116.8,MHz,-7.77,46,M,VOR:257°径向线距台20-22NM之间不可用。,Y,N,AE,N,N,N,ZYCH,N,
77c26d80-cd4e-492a-ab34-db21b192aaab,北京情报区,Y,HDS,CH108X,鄂尔多斯,VOR/DME,N392928,E1095136,116.1,MHz,-5.61,1401,M,,Y,N,AE,N,N,N,ZBDS,N,
799c25fd-c390-449f-85c3-5291ab4c11bb,广州情报区,N,LYH,CH82Y,浏阳,VOR/DME,N282331,E1132030,113.55,MHz,-3.81,215,M,,Y,N,AE,N,N,N,ZGHA,N,
b9a06995-5b19-4260-8291-4f726992231f,北京情报区,Y,TMR,CH80X,土木尔台,VOR/DME,N415040,E1130909,113.3,MHz,-6.26,,,,Y,N,E,N,N,N,,N,
a9e3915c-5ee2-4eb4-a507-09e19a5a0bb9,三亚情报区,Y,NYB,CH80X,南盈滨岛,VOR/DME,N200050,E1100817,113.3,MHz,-1.91,27,M,,Y,N,AE,N,N,N,ZJHK,N,
31e469f0-9a34-47b0-9e52-b268632a6b30,兰州情报区,Y,DKO,CH82X,磴口,VOR/DME,N401834,E1065752,113.5,MHz,-3.62,1019,M,,Y,N,E,N,N,N,,N,
21f4b40a-def5-4d0d-afaa-bd077a294790,三亚情报区,Y,MLT,CH74X,东木栏头,VOR/DME,N200910,E1104029,112.7,MHz,-2.07,61,M,VOR：260°径向线距台21NM以外不可用。,Y,N,AE,N,N,N,ZJHK,N,
b19c91cc-b2f6-4e28-99ce-f38dd7b9e94c,乌鲁木齐情报区,Y,HTN,CH78X,和田,VOR/DME,N370204,E0795209,113.1,MHz,2.83,1431,M,,Y,N,AE,N,N,N,ZWTN,N,
76b8db1e-8f71-4906-bdf0-e1eb3aa7a8ef,昆明情报区,Y,LUM,CH88X,芒市,VOR/DME,N242414,E0983220,114.1,MHz,-0.84,887,M,VOR/DME：090°径向线顺时针方向至250°径向线之间（除飞行程序涉及的径向线）不可用；DME：085°径向线离场程序距台22NM以外不可用。,Y,N,AE,N,N,N,ZPMS,N,
869b6522-1b82-4283-a5a2-f3d249496db2,昆明情报区,Y,WLY,CH76X,五粮液,VOR/DME,N285055,E1043343,112.9,MHz,-1.9,400,M,VOR：109°径向线进近程序距台0.3NM以内不可用。,Y,N,AE,N,N,N,ZUYB,N,
b3d3a49c-9dc7-4a6a-8f59-480e218f8eff,沈阳情报区,Y,DDG,CH86X,丹东,VOR/DME,N401528,E1241705,113.9,MHz,-9.04,98,M,,Y,N,AE,N,N,N,ZYDD,N,
7a5b85f1-140e-4fb4-afba-f342d127e06f,广州情报区,Y,ZUH,CH114X,连胜围,VOR/DME,N221323,E1132756,116.7,MHz,-2.8,68,M,VOR/DME：136°径向线顺时针方向至156°径向线之间（147°径向线除外）、210°径向线进场程序与初始进近程序距台16NM以外不可用；DME：147°径向线航路程序距台15NM以外、227°径向线初始进近程序距台23NM以外不可用。,Y,N,AE,N,N,N,ZGSZ/ZGSD,N,
ad81ac49-e82b-4ff4-bd8c-19d841d3f235,沈阳情报区,Y,CHG,CH92X,朝阳,VOR/DME,N413216,E1202555,114.5,MHz,-8.79,183,M,,Y,N,AE,N,N,N,ZYCY,N,
b1736cef-0f0b-4151-8429-77755f612916,武汉情报区,Y,XSH,CH101X,浠水,VOR/DME,N302611,E1151605,115.4,MHz,-4.5,,,,Y,N,AE,N,N,N,ZHEC,N,
2f9e4ba8-cdd3-4979-9aad-9f67f0778f2c,武汉情报区,Y,LKO,CH105X,龙口,VOR/DME,N295430,E1134124,115.8,MHz,-4.14,,,VOR：050°径向线顺时针方向至080°径向线之间不可用。,Y,N,E,N,N,N,,N,
5adcf121-d3ec-4d3c-96a1-d9b6176d33ad,沈阳情报区,Y,KYU,CH96X,开原,VOR/DME,N423759,E1240028,114.9,MHz,-9.68,,,,Y,N,E,N,N,N,,N,
0da17b5f-ff0b-4648-8a93-536ce662643e,沈阳情报区,Y,DHN,CH112X,大虎山,VOR/DME,N413837,E1220658,116.5,MHz,-8.83,,,,Y,N,E,N,N,N,,N,
21b63e41-a423-4e45-9930-758d5f079dd4,武汉情报区,Y,SNJ,CH120X,神农架,VOR/DME,N313740,E1102013,117.3,MHz,-3.74,2588,M,345°径向线顺时针方向至100°径向线之间（354°径向线除外）不可用。,Y,N,AE,N,N,N,ZHSN,N,
0de3e3e8-7c78-43fe-9efb-587d842107d6,上海情报区,Y,SHR,CH87X,上饶,VOR/DME,N282504,E1175808,114.0,MHz,-4.84,,,,Y,N,AE,N,N,N,ZSSR,N,
9b9b35a6-3b41-4682-91c7-ca36ab22f9bd,沈阳情报区,Y,FSD,CH92X,绥芬河,VOR/DME,N442611,E1305300,114.5,MHz,-11.05,429,M,133°径向线距台-0.5NM至0.2NM之间不可用；0°径向线顺时针至165°径向线之间（133°、143°、153°径向线以及半径11NM195°逆时针至145°的圆弧除外）不可用。,Y,N,E,N,N,N,,N,
d2f46501-622a-4bd6-8432-e492858a5bf3,广州情报区,Y,DXJ,CH85Y,湘西,VOR/DME,N283008,E1093125,113.85,MHz,-2.98,718,M,,Y,N,AE,N,N,N,ZGXX,N,
066e6910-1ebb-459c-b8ba-e817837b8bbe,昆明情报区,Y,JTG,CH101X,金堂,VOR/DME,N305222,E1042329,115.4,MHz,-1.95,,,VOR：056°径向线进场程序距台12NM以外、170°径向线顺时针至205°径向线之间、186°径向线航路程序距台20NM以外、320°径向线顺时针至360°径向线之间不可用；DME：170°径向线顺时针至205°径向线之间、186°径向线航路程序距台25NM以外不可用。,Y,N,AE,N,N,N,ZUMY/ZUUU/ZUTF,N,
9c083759-8321-49cd-8318-75f50baef183,北京情报区,Y,HOT,CH90X,锡林浩特,VOR/DME,N435450,E1155756,114.3,MHz,-7.72,1021,M,,Y,N,AE,N,N,N,ZBXH,N,
a69111d7-c46a-4b57-a1ec-548c75e9cdc5,三亚情报区,Y,SYX,CH72X,三亚,VOR/DME,N181832,E1091019,112.5,MHz,-1.59,457,M,,Y,N,AE,Y,N,N,ZJSY,N,
61d9b058-8b88-4edd-a3d7-0e794cf0675e,上海情报区,Y,YCH,CH100X,盐城,VOR/DME,N332523,E1201215,115.3,MHz,-6.37,13,M,,Y,N,AE,N,N,N,ZSYN,N,
48084473-56ea-45b7-b870-f533418f3c0c,昆明情报区,Y,LGH,CH122X,泸沽湖,VOR/DME,N273222,E1004549,117.5,MHz,-1.18,3306,M,DME：270°径向线顺时针方向至275°径向线之间、286°径向线QNH5400M以下距台21NM以外、286°径向线距台30NM以外不可用。,Y,N,AE,N,N,N,ZPNL,N,
0b7c6adb-ff8a-4f89-93b9-a3ee9bcb6b9f,广州情报区,Y,CON,CH77X,从化,VOR/DME,N233523,E1133515,113.0,MHz,-3.05,77,M,,Y,N,AE,N,N,N,ZGGG,N,
e64431da-c08e-4937-b725-0950cf337809,武汉情报区,Y,ZHO,CH102X,周口,VOR/DME,N333951,E1143912,115.5,MHz,-5.58,115,M,,Y,N,AE,N,N,N,ZHCC,N,
bb4d3709-4cbd-49f7-8c1c-c7f88698f67b,上海情报区,Y,DPX,CH71X,邳县,VOR/DME,N341638,E1175957,112.4,MHz,-6.14,,,,Y,N,E,N,N,N,,N,
6fe49784-74c6-4688-af66-13148d166940,广州情报区,N,DTM,CH87Y,跳马,VOR/DME,N275905,E1130735,114.05,MHz,-3.68,186,M,,Y,N,AE,N,N,N,ZGHA,N,
262baf46-3a2f-4f6c-ae92-823121d1b915,广州情报区,Y,DHZ,CH90X,惠州,VOR/DME,N230249,E1143326,114.3,MHz,-3.18,48,M,,Y,N,AE,N,N,N,ZGHZ,N,
2703bab9-84a6-4ed3-9360-c6b85c110863,兰州情报区,Y,WJC,CH100X,洛川,VOR/DME,N354646,E1092239,115.3,MHz,-3.9,1117,M,,Y,N,E,N,N,N,,N,
e0e9f837-1884-4288-aa9f-1e1b4bd3aa29,乌鲁木齐情报区,Y,QTV,CH58X,奇台,VOR/DME,N435911,E0893633,112.1,MHz,2.45,,,,Y,N,E,N,N,N,,N,
c8fe5805-de2c-46b3-bd4f-21b69be60508,上海情报区,Y,SJD,CH78X,扬州,VOR/DME,N323239,E1194330,113.1,MHz,-6.08,13,M,,Y,N,AE,N,N,N,ZSYA,N,
3f51f06c-6a5d-4c92-b35e-825137d85d78,兰州情报区,Y,DNC,CH87X,兰州,VOR/DME,N363225,E1033709,114.0,MHz,-2.29,1965,M,,Y,N,AE,N,N,N,ZLLL,N,
28c81ae3-99a6-4396-a16a-7147a22198b8,上海情报区,Y,HUN,CH80X,淮安,VOR/DME,N334629,E1190640,113.3,MHz,-6.72,18,M,,Y,N,AE,N,N,N,ZSSH,N,
39fbb7bd-9d5b-4f5e-a79a-74ee45aea448,兰州情报区,Y,GUY,CH73X,固原,VOR/DME,N360444,E1061250,112.6,MHz,-2.95,1735,M,,Y,N,AE,N,N,N,ZLGY,N,
cd3f35b1-3244-41ad-a844-ccca00a032c9,兰州情报区,Y,CHW,CH92X,嘉峪关,VOR/DME,N395123,E0982052,114.5,MHz,-0.77,1559,M,DME：310°径向线距台58-63NM之间不可用。,Y,N,AE,N,N,N,ZLJQ,N,
4b053ab4-1286-41ca-9c9c-901743e1e18c,昆明情报区,Y,LXI,CH70X,泸西,VOR/DME,N243225,E1034430,112.3,MHz,-1.44,1753,M,105°径向线等待程序70.2-83NM之间不可用。,Y,N,AE,N,N,N,ZPPP,N,
8b3e1c1c-78aa-44a5-ace3-20ab9d9fedd6,昆明情报区,Y,SGM,CH43X,西山,VOR/DME,N250448,E1023108,110.6,MHz,-1.4,2312,M,,Y,N,AE,N,N,N,ZPPP,N,
b6e75cdb-6ea8-4ba3-8cb4-8357a85c56ab,乌鲁木齐情报区,Y,XFY,CH94X,富蕴,VOR/DME,N464737,E0893220,114.7,MHz,2.82,938,M,,Y,N,AE,N,N,N,ZWFY,N,
2d0adcec-19c7-4b81-b2ef-c0b1188d7cc1,广州情报区,Y,NNX,CH103X,南雄,VOR/DME,N250545,E1141620,115.6,MHz,-3.39,39,M,,Y,N,E,N,N,N,,N,
733eb982-f178-49d7-bb4a-94329afcd3b7,广州情报区,Y,LIG,CH71X,醴陵,VOR/DME,N273858,E1133055,112.4,MHz,-3.7,85,M,,Y,N,AE,N,N,N,ZGHA,N,
73b12e4c-8b57-4abe-ad4d-6dfcbd04958e,武汉情报区,Y,CGO,CH92X,新郑,VOR/DME,N343101,E1135030,114.5,MHz,-5.52,158,M,,Y,N,AE,N,N,N,ZHCC,N,
af177549-b2ae-4411-9404-43fcd0e58901,广州情报区,Y,SHK,CH106X,蛇口,VOR/DME,N222954,E1135406,115.9,MHz,-3.31,11,M,,Y,N,AE,N,N,N,ZGSZ,N,
3d0b029b-d0db-4421-853c-b6c64629d47b,兰州情报区,Y,YHD,CH57X,银川,VOR/DME,N382053,E1062442,112.0,MHz,-3.23,1141,M,VOR：294°径向线距台24.5-29.5NM之间不可用。,Y,N,AE,N,N,N,ZLIC,N,
f9e1892e-5f74-4922-8244-f494529a2a33,上海情报区,Y,YEU,CH79X,义乌,VOR/DME,N291958,E1200148,113.2,MHz,-5.38,87,M,DME：316°径向线距台20NM以外不可用。,Y,N,AE,N,N,N,ZSYW,N,
02a4d8d2-37e9-4987-86b5-4f6e41a1b236,昆明情报区,Y,GMM,CH72X,嘎玛,VOR/DME,N292552,E0942722,112.5,MHz,-0.24,,,,Y,N,E,N,N,N,,N,
f9688614-ec17-47dd-8a34-5bfbe0afcd03,昆明情报区,Y,PAN,CH79X,攀枝花,VOR/DME,N263131,E1014752,113.2,MHz,-1.07,2022,M,,Y,N,AE,N,N,N,ZUZH,N,
fbfe423c-844b-441b-8c4b-2a5636915e62,广州情报区,Y,SJG,CH115X,三江,VOR/DME,N254630,E1093630,116.8,MHz,-2.54,342,M,,Y,N,E,N,N,N,,N,
123fadac-30a2-4b6a-bbfb-b157a91a1e55,武汉情报区,Y,DSY,CH98Y,武当山,VOR/DME,N323423,E1105601,115.15,MHz,-4.43,364,M,,Y,N,AE,N,N,N,ZHSY,N,
4be6c493-4a47-4c70-abc7-faea43b80504,昆明情报区,Y,GZY,CH55X,遵义,VOR/DME,N274653,E1071436,111.8,MHz,-2.34,832,M,VOR/DME：295°径向线高度4200米距台32NM以外不可用；VOR：085°径向线高度4200米距台28NM以外、085°径向线进离场程序距台10NM以外、095°径向线顺时针方向至115°径向线之间不可用；DME：066°径向线顺时针方向至130°径向线之间、085°径向线距台7NM以外、085°径向线高度4200米进离场程序距台14NM以外不可用。,Y,N,AE,N,N,N,ZUZY,N,
2c1e1f8a-77c6-4dfc-8c74-02cdf33c8ee6,昆明情报区,Y,MIL,CH90X,米林,VOR/DME,N291136,E0940930,114.3,MHz,-0.21,,,,Y,N,E,N,N,N,,N,
ff50e581-c061-4c75-8d92-b79600ee8269,兰州情报区,Y,JIG,CH84X,静宁,VOR/DME,N353145,E1054319,113.7,MHz,-2.85,,,,Y,N,E,N,N,N,,N,
3a30dd21-3f84-4c11-a26f-709ebaac76f1,广州情报区,Y,CEN,CH93X,岑村,VOR/DME,N230911,E1132506,114.6,MHz,-2.93,108,M,,Y,N,AE,N,N,N,ZGGG,N,
c6d27a9f-79c8-43be-b9fd-95e366125659,北京情报区,Y,BTO,CH106X,泊头,VOR/DME,N380623,E1163441,115.9,MHz,-6.43,,,,Y,N,E,N,N,N,,N,
cdc21841-66d3-4452-b398-e144659321f6,昆明情报区,Y,QNX,CH78X,黔西,VOR/DME,N270234,E1060145,113.1,MHz,-2.05,,,,Y,N,E,N,N,N,,N,
2fc4e2f9-6ed0-4fca-98df-3b39ff344341,上海情报区,Y,JNJ,CH117X,晋江,VOR/DME,N244811,E1183544,117.0,MHz,-4.08,16,M,150°径向线顺时针方向至235°径向线之间距台15NM以外不可用。,Y,N,AE,N,N,N,ZSQZ,N,
bbd47e47-331f-487b-9573-d7cd4bb825f1,沈阳情报区,Y,MDJ,CH118X,牡丹江,VOR/DME,N443049,E1293352,117.1,MHz,-11.04,278,M,,Y,N,AE,N,N,N,ZYMD,N,
4db06f8d-d042-4807-8eaf-e20a02b0152e,昆明情报区,Y,AHY,CH109X,红原,VOR/DME,N323530,E1022027,116.2,MHz,-2.29,3651,M,,Y,N,AE,N,N,N,ZUHY,N,
9941f782-4f8a-4902-9651-4b64a451c1b9,上海情报区,Y,LNY,CH75X,临沂,VOR/DME,N350303,E1182451,112.8,MHz,-6.26,74,M,,Y,N,AE,N,N,N,ZSLY,N,
c7a5e16b-4ca9-4ce1-992e-99740173d16d,兰州情报区,Y,MIZ,CH33X,觅子,VOR/DME,N344918,E1085937,109.6,MHz,-4.21,631,M,,Y,N,AE,N,N,N,ZLXY,N,
2d8b877c-1abd-4d45-be87-60501e1036d2,上海情报区,Y,HFC,CH55X,茶庵,VOR/DME,N320452,E1164601,111.8,MHz,-5.74,47,M,,Y,N,AE,N,N,N,ZSOF,N,
48ca72f1-a94e-499d-ba8b-ad5f3a5cd60a,上海情报区,Y,NTG,CH103X,南通,VOR/DME,N320554,E1205845,115.6,MHz,-6.53,19,M,,Y,N,AE,N,N,N,ZSNT,N,
ad3fe24f-f06b-435b-9538-93a202795d9b,兰州情报区,Y,ZNX,CH45X,祖庵,VOR/DME,N340638,E1083007,110.8,MHz,-4,431,M,VOR：195°径向线顺时针方向至210°径向线之间（195°、209°径向线除外）、157°径向线离场程序距台28NM以外、195°径向线离场程序距台24NM以外、209°径向线航路程序距台31NM以外不可用；DME：155°径向线顺时针方向至220°径向线之间（157°、195°、209°径向线除外）、115°径向线离场程序距台47NM以外、157°径向线离场程序距台22NM以外、195°径向线离场程序距台20NM以外、209°径向线航路程序距台24NM以外、348°径向线进离场程序距台55NM以外不可用。,Y,N,AE,N,N,N,ZLXY,N,
30c15d3a-4e82-4e2e-a802-f3ef5eb5cece,上海情报区,Y,SNQ,CH104Y,石湫,VOR/DME,N314044,E1185800,115.75,MHz,-6.18,27,M,,Y,N,AE,N,N,N,ZSNJ,N,
ea7b1ac5-40e2-43a2-b564-8e83a10d17df,上海情报区,N,XDY,CH98Y,小丹阳,VOR/DME,N314005,E1184303,115.15,MHz,-6.14,51,M,,Y,N,AE,N,N,N,ZSNJ,N,
76b26586-a77b-4d9c-a930-e9101d3f77e4,北京情报区,Y,HUR,CH83X,怀柔,VOR/DME,N401945,E1164450,113.6,MHz,-7.56,62,M,,Y,N,AE,N,N,N,ZBAA,N,
68f2a91d-ce75-43dd-bbcb-8aae5ad58f02,昆明情报区,Y,GSR,CH19X,甘孜,VOR/DME,N314708,E0992911,108.2,MHz,-1.56,4145,M,153°径向线顺时针方向至263°径向线之间（224°径向线除外）不可用。,Y,N,AE,N,N,N,ZUGZ,N,
a652b5e8-2f9e-471a-b625-4c37b75ad3ff,兰州情报区,Y,YUS,CH74X,玉树,VOR/DME,N325034,E0970013,112.7,MHz,-0.58,3915,M,VOR/DME：140°径向线顺时针至240°径向线之间不可用；VOR：230°径向线进离场程序及航路程序24NM以外不提供使用；DME：008°径向线顺时针至032°径向线之间、049°径向线进离场程序20NM以外、230°径向线进离场程序及航路程序17NM以外不可用。,Y,N,AE,N,N,N,ZLYS,N,
d3fbac07-a709-48b0-8de1-c40a3af08a5d,沈阳情报区,Y,WQG,CH58X,汪清,VOR/DME,N431740,E1294710,112.1,MHz,-10.84,,,VOR/DME：130°径向线顺时针方向至205°径向线之间不可用；VOR：221°径向线距台20NM以外不可用;DME：035°径向线顺时针方向至066°径向线之间、221°径向线距台16.3NM以外不可用。,Y,N,E,N,N,N,,N,
6c438b78-ee81-4f3f-98ae-6a389aed955e,上海情报区,Y,SHZ,CH81X,嵊州,VOR/DME,N293557,E1204854,113.4,MHz,-5.78,,,,Y,N,AE,N,N,N,ZSNB,N,
2a82542d-7620-476d-89ea-e3e23aada386,上海情报区,N,THA,CH94X,桃花,VOR/DME,N314639,E1170729,114.7,MHz,-5.79,45,M,,Y,N,AE,N,N,N,ZSOF,N,
7e2595a6-5373-4a83-b139-75f6f169ae15,上海情报区,Y,HFE,CH114X,骆岗,VOR/DME,N314634,E1171801,116.7,MHz,-5.84,38,M,254°径向线距台29NM以外、314°径向线距台38.5NM以外（高度3000米等待航线除外）、327°径向线距台25NM以外不可用。,Y,N,AE,N,N,N,ZSOF,N,
c59411aa-f37a-4eaa-80ad-84299110eb0a,昆明情报区,Y,MYD,CH106X,稻城,VOR/DME,N292130,E1000247,115.9,MHz,-1.63,4428,M,,Y,N,AE,N,N,N,ZUDC,N,
c154e221-62c3-4803-8d59-9d06b8884d73,昆明情报区,Y,LXA,CH78X,拉萨,VOR/DME,N291754,E0905949,113.1,MHz,-0.42,3571,M,VOR:175°顺时针至185°径向线之间不可用；DME:168°顺时针至220°径向线之间不可用。,Y,N,AE,N,N,N,ZULS,N,
2ffb525d-7318-4f02-b1f3-7ebc80823dae,昆明情报区,Y,LAZ,CH90Y,阆中,VOR/DME,N313031,E1060206,114.35,MHz,-2.81,455,M,,Y,N,AE,N,N,N,ZULA,N,
3402e5df-7dc5-4a7a-85bb-bedb494a012b,北京情报区,Y,HET,CH116X,呼和浩特,VOR/DME,N404335,E1115355,116.9,MHz,-6.26,1095,M,,Y,N,AE,N,N,N,ZBHH,N,
39104021-113d-4b45-a423-6c4857962e4a,兰州情报区,Y,BHT,CH102X,巴彦浩特,VOR/DME,N384554,E1053359,115.5,MHz,-2.97,1401,M,,Y,N,AE,N,N,N,ZBAL,N,
8f930ef1-7ddc-485c-9950-79e3fe260d2a,广州情报区,Y,MCU,CH111X,澳门,VOR/DME,N220812,E1133542,116.4,MHz,-2.82,,,,Y,N,E,N,N,N,,N,
59954a9a-173f-4620-8f29-cc4dfb893f20,北京情报区,Y,QHD,CH76X,秦皇岛,VOR/DME,N394022,E1190522,112.9,MHz,-7.97,8,M,,Y,N,AE,N,N,N,ZBDH,N,
2a92090d-c33e-41b5-848e-82fe99bf6ad0,昆明情报区,Y,JZH,CH123X,九寨,VOR/DME,N325116,E1034048,117.6,MHz,-2.62,,,VOR/DME：050°径向线顺时针方向至145°径向线之间（除091°、131°径向线）不可用；VOR：091°径向线距台12NM以外、131°径向线距台22NM以外不可用；DME：046°径向线距台22NM以外、091°径向线距台10NM以外、131°径向线距台19NM以外、131°径向线顺时针方向至165°径向线之间距台19NM的弧不可用。,Y,N,AE,N,N,N,ZUJZ,N,
9420bf65-4570-4453-9f7b-a864dbbc3229,兰州情报区,Y,NSH,CH110X,宁陕,VOR/DME,N331913,E1081850,116.3,MHz,-3.87,,,VOR/DME：029°径向线距台17NM以外、029°径向线距台27NM等待程序、091°径向线距台8NM以外、201°径向线距台18NM以外、204°径向线距台17NM以外、221°径向线距台25NM以外、262°径向线距台11NM以外、140°径向线不可用。VOR：040°径向线顺时针至200°径向线之间、250°径向线顺时针至360°径向线之间（071°、091°、140°、262°径向线除外）、071°径向线距台26NM以外不可用。DME：015°径向线距台23NM以外、071°径向线距台16NM以外、250°径向线顺时针至210°径向线之间（015°、029°、071°、091°、140°、201°、204°、209°、262°径向线除外）不可用。,Y,N,AE,N,N,N,ZLXY,N,
1a5c28a9-a81a-4c3a-8859-581f20892b71,昆明情报区,Y,QJG,CH74X,綦江,VOR/DME,N290303,E1063951,112.7,MHz,-2.36,426,M,VOR：011°径向线进场程序距台20NM以外不可用；DME：011°径向线进场程序距台18NM以外不可用。,Y,N,AE,Y,N,N,ZUCK,N,
89fc9076-a101-401d-be0c-28b977e50262,乌鲁木齐情报区,Y,KLM,CH80X,克拉玛依,VOR/DME,N452857,E0845557,113.3,MHz,4.47,286,M,,Y,N,AE,N,N,N,ZWKM,N,
d8567e26-ec93-4526-b8f5-5d78013bf90d,广州情报区,Y,DWG,CH92Y,武冈,VOR/DME,N264704,E1103742,114.55,MHz,-2.95,477,M,VOR：211°径向线距台1.4NM-1.6NM之间、2.9NM-3.1NM之间、10.2NM-10.4NM之间不可用；DME：312°径向线距台24NM以外不可用。,Y,N,AE,N,N,N,ZGSY,N,
2964ea11-c071-44d4-9497-b4a97a769a34,武汉情报区,Y,KGF,CH111Y,茶山,VOR/DME,N300903,E1144538,116.45,MHz,-4.24,114,M,,Y,N,AE,N,N,N,ZHEC,N,
5a7cb19c-cde3-4e9a-a628-947770ee347e,乌鲁木齐情报区,Y,BOL,CH84X,博乐,VOR/DME,N445330,E0821951,113.7,MHz,4.88,384,M,295°径向线顺时针方向至060°径向线之间不可用。,Y,N,AE,N,N,N,ZWBL,N,
cc777d36-798b-4dd4-bb6c-b6a4614ac93b,沈阳情报区,Y,DGL,CH71X,霍林郭勒,VOR/DME,N452810,E1193012,112.4,MHz,-9.75,950,M,,Y,N,AE,N,N,N,ZBHZ,N,
8398e430-b96f-4386-979e-6037f990bd43,乌鲁木齐情报区,Y,KEL,CH106X,库尔勒,VOR/DME,N413637,E0860822,115.9,MHz,3.03,925,M,,Y,N,AE,N,N,N,ZWKL,N,
226c4e72-208b-46ea-b514-caf3426f0192,兰州情报区,Y,DQL,CH110X,祁连,VOR/DME,N380058,E1003536,116.3,MHz,-2.06,3138,M,VOR：195°径向线顺时针至235°径向线之间、276°径向线距台11-12.5NM之间、282°径向线距台17-23NM之间、295°径向线距台17-19NM之间、355°径向线顺时针至025°径向线之间不可用；DME：124°径向线距台39NM以外、192°径向线顺时针至235°径向线之间、346°径向线顺时针至025°径向线之间不可用。,Y,N,AE,N,N,N,ZLHB,N,
ee928338-533a-4cc4-8227-d5742f5d9ed7,广州情报区,Y,HEN,CH76X,衡阳,VOR/DME,N264205,E1123558,112.9,MHz,-3.78,115,M,,Y,N,AE,N,N,N,ZGHY,N,
cb95525e-da1c-4cd1-8bc4-bcd88616f668,北京情报区,Y,DCB,CH98X,乌兰察布,VOR/DME,N410736,E1130429,115.1,MHz,-6.12,1420,M,,Y,N,AE,N,N,N,ZBUC,N,
7638b236-3812-410f-84b0-fb346a39882a,乌鲁木齐情报区,Y,XKC,CH88X,龟兹,VOR/DME,N414031,E0825042,114.1,MHz,3.66,1032,M,,Y,N,AE,N,N,N,ZWKC,N,
30169012-d3a0-4735-9529-83c4d5c4f125,上海情报区,Y,WHX,CH101Y,芜湖,VOR/DME,N310525,E1183851,115.45,MHz,-5.53,36,M,,Y,N,AE,N,N,N,ZSWA,N,
46919b66-d4b5-4c0b-b095-542c3d39f79b,广州情报区,Y,LIP,CH113X,黎平,VOR/DME,N261911,E1090931,116.6,MHz,-2.96,510,M,DME：145°径向线距台20NM以外不可用。,Y,N,AE,N,N,N,ZUNP,N,
d92e33cb-a50d-4750-8a76-1c2c34ef4927,上海情报区,Y,DYN,CH87X,东营,VOR/DME,N373146,E1184717,114.0,MHz,-7.45,14,M,,Y,N,AE,N,N,N,ZSDY,N,
397a4f88-7235-4dd7-b1c2-2023fe64b7c7,兰州情报区,Y,DNH,CH102X,敦煌,VOR/DME,N400952,E0945039,115.5,MHz,-0.22,1122,M,,Y,N,AE,N,N,N,ZLDH,N,
69e2d2fc-6cfc-4d8d-93cc-684c6cdd7bb3,北京情报区,Y,TSH,CH79X,唐山,VOR/DME,N394256,E1180007,113.2,MHz,-7.79,23,M,,Y,N,AE,N,N,N,ZBSN,N,
05629318-c8d5-4e44-9965-e83f944e3413,上海情报区,Y,YQG,CH84X,济南,VOR/DME,N364956,E1171258,113.7,MHz,-6.31,31,M,,Y,N,AE,N,N,N,ZSJN,N,
4e4887f2-4b9e-4077-b39a-52cf1012beed,武汉情报区,Y,XGD,CH57Y,天山,VOR/DME,N304133,E1150721,112.05,MHz,-4.4,178,M,,Y,N,AE,N,N,N,ZHEC,N,
143557d2-22e3-44a0-a693-a850704a43b8,兰州情报区,Y,DCX,CH113X,陇南,VOR/DME,N334736,E1055009,116.6,MHz,-2.5,1165,M,,Y,N,AE,N,N,N,ZLLN,N,
e4deeaf9-3949-4557-be73-6464f42d6202,上海情报区,Y,JIU,CH118X,九江,VOR/DME,N292732,E1154707,117.1,MHz,-4.65,50,M,DME：099°径向线进离场程序距台19NM以外不可用。,Y,N,AE,N,N,N,ZSJJ,N,
a0c20b58-e5a3-4b3c-af81-c73819ccc314,广州情报区,N,MXZ,CH97X,梅县,VOR/DME,N241357,E1160408,115.0,MHz,-3.51,180,M,,Y,N,AE,N,N,N,ZGMX,N,
9264ae51-d614-4e52-8612-07827ea9ecdb,广州情报区,Y,UQN,CH83Y,韶关,VOR/DME,N245658,E1132623,113.65,MHz,-3.21,105,M,225°径向线顺时针方向至315°径向线之间不可用。,Y,N,AE,N,N,N,ZGSG,N,
cc83eb84-28a9-4734-baa8-75302297ce9b,沈阳情报区,Y,YKO,CH120X,营口,VOR/DME,N403120,E1222038,117.3,MHz,-8.73,12,M,,Y,N,AE,N,N,N,ZYYK,N,
492f495a-5a57-4261-bfe2-614834c6ab57,兰州情报区,Y,CGA,CH106X,城固,VOR/DME,N330827,E1071341,115.9,MHz,-3.05,494,M,,Y,N,AE,N,N,N,ZLHZ,N,
bca3a3b6-3559-4c9f-805d-b5f76dabd572,沈阳情报区,Y,ALS,CH108X,阿尔山,VOR/DME,N472149,E1200713,116.1,MHz,-10.28,1009,M,215°径向线顺时针方向至280°径向线之间（267°、271°径向线初始进近程序除外）不可用。,Y,N,AE,N,N,N,ZBES,N,
4fcd875a-219e-4c9c-8287-72e6fb9a773c,上海情报区,Y,SUF,CH88X,硕放,VOR/DME,N312951,E1202600,114.1,MHz,-5.97,11,M,,Y,N,AE,N,N,N,ZSWX,N,
fcf0bc00-2f49-49a7-8fc5-d85009306046,乌鲁木齐情报区,Y,KNS,CH49X,喀纳斯,VOR/DME,N481309,E0870030,111.2,MHz,4.42,1200,M,210°径向线顺时针方向至255°径向线之间不可用。,Y,N,AE,N,N,N,ZWKN,N,
a709c8e4-d5f2-4fb0-8cc5-5d7ea7365dde,昆明情报区,Y,CKG,CH108X,江北,VOR/DME,N294443,E1063917,116.1,MHz,-3.04,418,M,,Y,N,AE,N,N,N,ZUCK,N,
579a7e70-adde-4cc5-b448-18d7ee9ea7e7,沈阳情报区,Y,THY,CH90X,通化,VOR/DME,N420444,E1254554,114.3,MHz,-9.66,423,M,,Y,N,AE,N,N,N,ZYTN,N,
9534504b-0939-490c-89d1-5e1e7c98eabe,昆明情报区,Y,DAL,CH73X,大理,VOR/DME,N253840,E1001929,112.6,MHz,-0.99,2199,M,DME：065°径向线顺时针方向至107°径向线之间、020°径向线QNH3600M以下距台20NM以外不可用。,Y,N,AE,N,N,N,ZPDL,N,
95cddab6-0155-48ac-812e-6907a6415665,兰州情报区,Y,ETL,CH58X,桃来,VOR/DME,N420129,E1005838,112.1,MHz,-2.34,946,M,DME：119°径向线距台11NM以外不可用。,Y,N,AE,N,N,N,ZBEN,N,
b501193f-8d70-4c53-9b1d-dc70e7d43661,乌鲁木齐情报区,Y,KLG,CH76X,塔县南,VOR/DME,N373200,E0752126,112.90,MHz,3.56,3434,M,VOR/DME：035°径向线顺时针方向至140°径向线之间（058°径向线进离场/航路程序除外）、175°径向线顺时针方向至340°径向线之间不可用（182°径向线初始进近程序和333°径向线进离场/进近/复飞程序除外）；VOR：182°径向线初始进近程序距台16-17NM之间、333°径向线复飞程序距台7.5-9.5NM之间不可用。,Y,N,AE,N,N,N,ZWTK,N,
66f77265-cb77-4daa-ba39-5f16aea117ab,北京情报区,Y,LQL,CH37X,临汾,VOR/DME,N360916,E1113811,110.0,MHz,-4.8,503,M,,Y,N,AE,N,N,N,ZBLF,N,
48a22845-729e-4485-9ad5-42a72e91df8b,乌鲁木齐情报区,Y,YUF,CH70X,于田,VOR/DME,N364821,E0814512,112.3,MHz,2.29,1455,M,,Y,N,AE,N,N,N,ZWYT,N,
b335030a-654d-40b4-a535-8bdc4eecb91d,广州情报区,Y,DYY,CH94Y,岳阳,VOR/DME,N292033,E1131654,114.75,MHz,-3.97,110,M,,Y,N,AE,N,N,N,ZGYY,N,
90189d83-d5f9-4389-820b-8f8278183764,北京情报区,Y,SLL,CH91X,吕梁,VOR/DME,N374132,E1110815,114.4,MHz,-4.7,1186,M,,Y,N,AE,N,N,N,ZBLL,N,
e1e9e509-d2fd-4e5c-aa23-920a5c060f37,沈阳情报区,Y,FYJ,CH74X,抚远,VOR/DME,N481056,E1342008,112.7,MHz,-11.99,64,M,,Y,N,AE,N,N,N,ZYFY,N,
4fc8bd45-9257-4290-ae5e-2e33042c9a9e,兰州情报区,Y,GJC,CH94X,金昌,VOR/DME,N383326,E1021926,114.7,MHz,-1.96,1450,M,,Y,N,AE,N,N,N,ZLJC,N,
d5e84e11-d489-4546-90a3-86c5ac5dbcc2,三亚情报区,Y,DSA,CH76X,永兴,VOR/DME,N165003,E1122032,112.9,MHz,-1.65,28,M,,Y,N,AE,N,N,N,ZJYX,N,
70aa4c3d-48bb-4f78-8337-b35b365a2c4e,昆明情报区,Y,BMS,CH83X,八面山,VOR/DME,N293542,E1084314,113.6,MHz,-2.95,1713,M,,Y,N,AE,N,N,N,ZUQJ,N,
0e491a8a-0fcb-43c2-9c8f-4883aeb3eb49,兰州情报区,Y,DLH,CH100X,德令哈,VOR/DME,N370756,E0971746,115.3,MHz,-0.52,2860,M,,Y,N,AE,N,N,N,ZLDL,N,
3c851c0b-ff1d-44a4-9a80-1ff3f2250f63,上海情报区,Y,WFG,CH113X,潍坊,VOR/DME,N363844,E1190718,116.6,MHz,-7.45,44,M,,Y,N,AE,N,N,N,ZSWF,N,
613e6ec9-f0ad-41e4-8be4-9da61dcccaa3,乌鲁木齐情报区,Y,LUA,CH108X,阿拉尔,VOR/DME,N402523,E0811418,116.1,MHz,3.72,1027,M,,Y,N,AE,N,N,N,ZWAL,N,
a5c9c152-ad98-4aa2-afd0-dd0ba6eb077a,乌鲁木齐情报区,Y,HTB,CH70X,呼图壁,VOR/DME,N441537,E0865413,112.3,MHz,2.7,476,M,,Y,N,AE,N,N,N,ZWWW,N,
034c9159-0a72-4ce9-a813-b247db1109a2,北京情报区,Y,PEK,CH94X,官庄,VOR/DME,N400258,E1164402,114.7,MHz,-7.55,62,M,195°径向线顺时针方向至285°径向线之间不可用。,Y,N,AE,N,N,N,ZBAA,N,
92851481-84fb-4443-871c-fb37d1b4afe0,昆明情报区,Y,DCH,CH80X,邦达,VOR/DME,N303124,E0970824,113.3,MHz,-0.54,4322,M,VOR/DME：005°径向线顺时针方向至100°径向线之间、180°径向线顺时针方向至300°径向线之间、003°径向线距台22NM以外、097°径向线距台22NM以外、258°径向线距台8NM以外、圆弧进近程序097°径向线顺时针至102°径向线之间不提供使用。,Y,N,AE,N,N,N,ZUBD,N,
42efc741-7e4a-499e-9698-6cce0d28584a,广州情报区,Y,LKC,CH79X,龙鼓洲,VOR/DME,N222242,E1135300,113.2,MHz,-2.93,,,,Y,N,E,N,N,N,,Y,
92cdb60b-e8a6-467d-a29b-99e73a894fcf,上海情报区,Y,NJL,CH83X,禄口,VOR/DME,N314521,E1185315,113.6,MHz,-6.19,24,M,,Y,N,AE,N,N,N,ZSNJ,N,
9ce6e636-efbb-4476-8245-8934c67d3b2c,昆明情报区,Y,KHP,CH81X,黄平,VOR/DME,N265819,E1075936,113.4,MHz,-2.93,943,M,,Y,N,AE,N,N,N,ZUKJ,N,
539a8d1f-f7d2-410f-bc1c-b8ea975c6197,昆明情报区,Y,WZH,CH29X,万州,VOR/DME,N304821,E1082544,109.2,MHz,-2.98,583,M,VOR：281°、286°径向线初始进近程序距台10NM以外不可用。,Y,N,AE,N,N,N,ZUWX,N,
53539042-a9fa-48ad-89fa-bc2d8c10ba45,兰州情报区,Y,GRM,CH70X,格尔木,VOR/DME,N362359,E0944442,112.3,MHz,0.08,2845,M,,Y,N,AE,N,N,N,ZLGM,N,
bcd6a887-e461-41c1-addc-0071480d7cf4,上海情报区,Y,VMB,CH86X,无锡,VOR/DME,N314430,E1201125,113.9,MHz,-5.97,38,M,,Y,N,AE,N,N,N,ZSWX,N,
4cdd6942-5a24-48ae-be3a-a9b302a84571,广州情报区,Y,WXJ,CH100X,梧州,VOR/DME,N232248,E1110439,115.3,MHz,-2.56,75,M,,Y,N,AE,N,N,N,ZGWZ,N,
1f7397f0-1a18-4488-85a9-7e960c13cf69,上海情报区,Y,TOS,CH73X,铜山,VOR/DME,N340540,E1171150,112.6,MHz,-5.91,,,,Y,N,E,N,N,N,,N,
bc287e18-5c44-4760-ab7d-6a2e9fe50905,广州情报区,Y,LIN,CH122X,临澧,VOR/DME,N292118,E1113850,117.5,MHz,-4.09,108,M,,Y,N,E,N,N,N,,N,
a4616d57-862c-451b-aa97-933e09a32067,武汉情报区,Y,DHB,CH91Y,荷苞湖,VOR/DME,N304148,E1135821,114.45,MHz,-4.77,100,M,,Y,N,AE,N,N,N,ZHHH/ZHEC,N,
48b131e6-32e1-456b-bd3c-5e48d5e1c157,上海情报区,Y,JTN,CH33X,九亭,VOR/DME,N310721,E1212026,109.6,MHz,-5.91,28,M,,Y,N,AE,N,N,N,ZSSS,N,
1f6f31ec-01b6-4fcc-b29a-2b6c00e7d024,乌鲁木齐情报区,Y,KHG,CH104X,喀什,VOR/DME,N393240,E0760117,115.7,MHz,4.2,1401,M,,Y,N,AE,N,N,N,ZWSH,N,
b2b1e917-51f7-441c-affe-828f550dd0ec,上海情报区,N,SHA,CH119X,虹桥,VOR/DME,N311319,E1212006,117.20,MHz,-5.93,16,M,,N,N,AE,N,N,N,ZSSS,N,
be5c474d-3186-42b7-8ffb-7cb9e32b10e6,乌鲁木齐情报区,Y,YNN,CH76X,伊宁,VOR/DME,N435729,E0811944,112.9,MHz,4.39,681,M,,Y,N,AE,N,N,N,ZWYN,N,
317626b3-4fa5-44d1-ac5e-0b8b63aa5484,昆明情报区,Y,BSD,CH100X,保山,VOR/DME,N250326,E0991016,115.3,MHz,-0.84,1671,M,VOR/DME：245°径向线顺时针方向至320°径向线之间不可用；DME：222°径向线航路程序距台30NM以外不可用。,Y,N,AE,N,N,N,ZPBS,N,
975cc712-604b-4995-9108-0b3e8e68b6cb,北京情报区,Y,HDH,CH99X,邯郸,VOR/DME,N363136,E1142518,115.2,MHz,-5.53,82,M,,Y,N,AE,N,N,N,ZBHD,N,
92429a56-d078-49b2-b75e-b04b4daf3e49,乌鲁木齐情报区,Y,ZSU,CH96X,昭苏,VOR/DME,N430441,E0811140,114.9,MHz,4.31,1752,M,受国境限制，242°顺时针至335°方位之间不提供使用。,Y,N,AE,N,N,N,ZWZS,N,
823a3f9e-0e5e-4540-805b-f761679293b3,沈阳情报区,Y,DBC,CH91X,白城,VOR/DME,N452934,E1225933,114.4,MHz,-10.31,156,M,295°径向线顺时针方向至025°径向线之间不可用。,Y,N,AE,N,N,N,ZYBA,N,
111ad1e7-bc13-4634-a94f-259ae6e9b1f2,沈阳情报区,Y,MHN,CH58X,漠河,VOR/DME,N525456,E1222512,112.1,MHz,-12.6,563,M,,Y,N,AE,N,N,N,ZYMH,N,
319f6ac1-2e0e-40ee-a91e-6dcc2eb4f23b,沈阳情报区,Y,MSN,CH78X,锦州湾,VOR/DME,N405458,E1211540,113.1,MHz,-8.73,15,M,,Y,N,AE,N,N,N,ZYJZ,N,
9e7886e4-77a2-46b0-a718-e4d6ff0f5f32,上海情报区,Y,XUZ,CH90X,徐州,VOR/DME,N340339,E1173256,114.3,MHz,-6.47,6,M,,Y,N,AE,N,N,N,ZSXZ,N,
f12cd4f3-8119-4d60-828b-2bb12962fe6a,乌鲁木齐情报区,Y,DRQ,CH84X,若羌,VOR/DME,N385732,E0875917,113.7,MHz,1.45,904,M,,Y,N,AE,N,N,N,ZWRQ,N,
a9ec309c-442f-4a09-9362-4bccc2dc8ddf,上海情报区,Y,KDB,CH118Y,大安,VOR/DME,N353837,E1164302,117.15,MHz,-6.36,57,M,,Y,N,AE,N,N,N,ZSJG,N,
b98c55e4-da63-4e11-8dc9-c1e720cc8174,兰州情报区,Y,SHX,CH72X,商县,VOR/DME,N335232,E1095600,112.5,MHz,-4.33,756,M,VOR/DME：063°径向线距台19NM以外不可用；VOR：300°径向线顺时针方向至070°径向线之间(063°径向线除外)不可用；DME：320°径向线顺时针方向至060°径向线之间不可用。,Y,N,AE,N,N,N,ZLXY,N,
73f7ab00-4bcf-4025-93fb-ea591f2e9670,昆明情报区,Y,KDJ,CH71X,康定,VOR/DME,N300836,E1014359,112.4,MHz,-1.98,4247,M,040°径向线顺时针方向至115°径向线之间不可用。,Y,N,AE,N,N,N,ZUKD,N,
d40a3bf1-b62a-45f5-a2bd-2236115ee449,昆明情报区,Y,ASH,CH117X,安顺,VOR/DME,N261551,E1055248,117.0,MHz,-1.95,1471,M,,Y,N,AE,N,N,N,ZUAS,N,
62a6261c-fa6c-49e1-a73f-2e1bd1d3843e,昆明情报区,Y,BZF,CH114Y,巴中,VOR/DME,N314453,E1064033,116.75,MHz,-2.5,603,M,,Y,N,AE,N,N,N,ZUBZ,N,
e2b75a66-5480-4f47-bd0d-7eadcf26e2ef,昆明情报区,Y,GBJ,CH72X,毕节,VOR/DME,N271549,E1052738,112.5,MHz,-1.93,1471,M,,Y,N,AE,N,N,N,ZUBJ,N,
028af855-4f16-4ced-a06b-91f9bf64a546,上海情报区,Y,JGS,CH19X,井冈山,VOR/DME,N265115,E1144249,108.2,MHz,-4.26,87,M,,Y,N,AE,N,N,N,ZSGS,N,
71cb45a8-2c83-48b5-a0a2-53ef983406c7,武汉情报区,Y,FYG,CH76X,阜阳,VOR/DME,N325255,E1154354,112.9,MHz,-5.14,42,M,,Y,N,AE,N,N,N,ZSFY,N,
d0066e1c-c9fb-49a9-bce7-35dc609e7929,昆明情报区,Y,ZHD,CH120X,迪庆,VOR/DME,N274721,E0994036,117.3,MHz,-1.54,3285,M,200°径向线顺时针方向至305°径向线之间不可用。,Y,N,AE,N,N,N,ZPDQ,N,
84cc1655-72be-4aa3-96df-441f18468bf9,昆明情报区,Y,JHG,CH72X,橄榄坝,VOR/DME,N215142,E1005608,112.5,MHz,-1.36,553,M,VOR/DME：100°径向线顺时针方向至250°径向线之间(208°径向线除外)不可用；DME：021°径向线距台28NM以外、339°径向线距台27-29NM之间不可用。,Y,N,AE,N,N,N,ZPJH,N,
39e20b27-a07f-4141-ace7-4c06906e7d39,广州情报区,Y,HUY,CH57X,花垣,VOR/DME,N283442,E1092704,112.0,MHz,-2.97,,,010°径向线顺时针方向至030°径向线之间不可用。,Y,N,E,N,N,N,,N,
8ac23c3b-f964-4c68-b5b6-b3aadfeb3e44,昆明情报区,Y,DJY,CH97X,金垭,VOR/DME,N310246,E1072552,115.0,MHz,-2.93,428,M,,Y,N,AE,N,N,N,ZUDA,N,
131f60b6-bc4c-46da-9053-a3741c087e0a,沈阳情报区,Y,SRT,CH19X,大庆,VOR/DME,N464619,E1250734,108.2,MHz,-11,158,M,,Y,N,AE,N,N,N,ZYDQ,N,
73a533dc-6941-4c36-bc83-8c5982171b13,北京情报区,Y,SWG,CH59X,朔州,VOR/DME,N391534,E1123943,112.2,MHz,-6.16,1054,M,VOR:245°径向线进近程序距台0.2NM以内不可用。,Y,N,AE,N,N,N,ZBSG,N,
f1609e4e-a9c5-4759-9513-248bf81eb1fa,沈阳情报区,Y,CBS,CH80X,长白山,VOR/DME,N420516,E1273616,113.3,MHz,-10.28,875,M,077°径向线顺时针方向至160°径向线之间不可用。,Y,N,AE,N,N,N,ZYBS,N,
33280877-da3b-4607-800f-4991b42f9e71,兰州情报区,Y,HTG,CH76X,花土沟,VOR/DME,N381040,E0905131,112.9,MHz,1.25,2918,M,,Y,N,AE,N,N,N,ZLHX,N,
69a9b9c7-c83c-4980-ae9e-fc3125b53efc,,Y,TD,CH108X,TUNGLUNG,VOR/DME,N221500,E1141724,116.1,MHz,-3,,,,Y,N,E,N,N,N,,N,
07e1f314-137c-490f-9cc3-201ca1597229,,Y,CH,CH70X,CHEUNGCHAU,VOR/DME,N221312,E1140148,112.3,MHz,-2.94,,,,Y,N,E,N,N,N,,N,
800637fe-0dc2-4807-91bb-761c2d0bdb8b,上海情报区,Y,DRZ,CH82X,日照,VOR/DME,N352507,E1191758,113.5,MHz,-6.69,14,M,,Y,N,AE,N,N,N,ZSRZ,N,
a8ebe921-d50d-46e3-bc26-4452734c11d4,乌鲁木齐情报区,Y,TMS,CH74X,图木舒克,VOR/DME,N395208,E0791326,112.7,MHz,3.38,1099,M,,Y,N,AE,N,N,N,ZWTS,N,
66e08dc9-7732-4cff-8411-81a3450107aa,沈阳情报区,Y,DWL,CH94X,五大连池,VOR/DME,N482600,E1260542,114.7,MHz,-11.82,307,M,,Y,N,AE,N,N,N,ZYDU,N,
d22e73ec-9f42-47c0-b4f9-0fee5266710d,广州情报区,Y,LIU,CH120X,柳州,VOR/DME,N241206,E1092332,117.3,MHz,-2.33,107,M,,Y,N,AE,N,N,N,ZGZH,N,
2e70375a-edcc-4330-8232-eaf4f641a385,沈阳情报区,Y,XKH,CH23X,鸡西,VOR/DME,N451726,E1311130,108.6,MHz,-11.25,231,M,,Y,N,AE,N,N,N,ZYJX,N,
4ea96831-657c-411c-b7d5-c12b232e6684,北京情报区,Y,BAV,CH120X,包头,VOR/DME,N403329,E1095948,117.3,MHz,-5.86,1019,M,,Y,N,AE,N,N,N,ZBOW,N,
0ce607e8-d340-4c68-ba53-dda14abb52ad,乌鲁木齐情报区,Y,PTG,CH86X,吐鲁番,VOR/DME,N430152,E0890759,113.9,MHz,1.86,274,M,,Y,N,AE,N,N,N,ZWTL,N,
9939f99e-39d0-495d-a3f6-8422438c7706,上海情报区,Y,TXN,CH108X,黄山,VOR/DME,N294415,E1181516,116.1,MHz,-5.18,141,M,011°径向线方向距台37-49.5NM之间进离场程序不可用。,Y,N,AE,N,N,N,ZSTX,N,
9997a8c1-c1a9-48df-b9ed-f4900d0c22fd,广州情报区,Y,DYL,CH94Y,玉林,VOR/DME,N222444,E1100616,114.75,MHz,-2.25,151,M,,Y,N,AE,N,N,N,ZGYL,N,
be2fdef4-9a95-4e52-ada1-2415967f5dda,沈阳情报区,Y,DHJ,CH86X,建三江,VOR/DME,N470734,E1323802,113.9,MHz,-12.29,66,M,,Y,N,AE,N,N,N,ZYJS,N,
e5668aca-43b8-4635-824e-12eab9b9eeb6,武汉情报区,Y,MOU,CH96Y,回龙山,VOR/DME,N303639,E1145923,114.95,MHz,-4.32,112,M,,Y,N,AE,N,N,N,ZHEC,N,
93ea13f3-8c3d-45a1-8ae8-bfb1144e4d9a,广州情报区,Y,WUQ,CH109Y,吴川,VOR/DME,N212924,E1104158,116.25,MHz,-2.58,41,M,,Y,N,AE,N,N,N,ZGZJ,N,
f0fa3a4e-60bb-4e6e-90c7-da2d825de559,昆明情报区,Y,WSH,CH103X,普者黑,VOR/DME,N233313,E1041915,115.6,MHz,-1.92,1602,M,,Y,N,AE,N,N,N,ZPWS,N,
d5e6eb8b-0ba5-406c-8e61-2aa4c6d5aca2,广州情报区,Y,ZAO,CH119X,九洲,VOR/DME,N221447,E1133647,117.2,MHz,-2.84,47,M,,Y,N,AE,N,N,N,ZGUH,N,
dfd66811-bfa4-462c-b49f-028aa6a18ae5,上海情报区,N,JDG,CH91Y,胶东,VOR/DME,N362247,E1200406,114.45,MHz,-7.18,13,M,,Y,N,AE,N,N,N,ZSQD,N,
adc6d8a2-b686-49ee-a471-b4be237bbbd0,上海情报区,Y,JDW,CH115Y,胶北,VOR/DME,N361953,E1195840,116.85,MHz,-7.11,49,M,,Y,N,AE,N,N,N,ZSQD,N,
fbf6ba37-104d-432f-85f7-afa56f6a9ff1,武汉情报区,Y,DJZ,CH102Y,荆州,VOR/DME,N301553,E1122650,115.55,MHz,-4.42,45,M,,Y,N,AE,N,N,N,ZHJZ,N,
b934e05f-2bc5-450c-bdab-3e27f2e5e7f5,上海情报区,Y,JDE,CH109Y,上马,VOR/DME,N361719,E1201515,116.25,MHz,-7.29,52,M,,Y,N,AE,N,N,N,ZSQD,N,
acddac03-26cf-4db7-8e68-98bb99a69787,昆明情报区,Y,DCY,CH124X,沧源,VOR/DME,N231401,E0991857,117.7,MHz,-0.89,1833,M,090°径向线顺时针方向至325°径向线之间（除262°、284°径向线）不可用。,Y,N,AE,N,N,N,ZPCW,N,
d764e745-fde9-49da-8448-c33d1a81e98a,兰州情报区,Y,TAS,CH75X,天水,VOR/DME,N343353,E1054957,112.8,MHz,-2.77,1109,M,VOR/DME：357°径向线进离场程序距台9NM以外不可用；VOR：070°径向线航路程序距台40NM以外、158°径向线顺时针方向至258°径向线之间、183°径向线进离场程序距台11NM以外、183°径向线航路程序距台22NM以外、325°径向线顺时针方向至050°径向线之间(171°、357°径向线除外)、357°径向线航路程序距台24NM以外不可用；DME：070°径向线进离场程序距台21NM以外、070°径向线航路程序距台33NM以外、160°径向线顺时针方向至248°径向线之间、183°径向线进离场程序距台11NM以外、183°径向线航路程序距台15NM以外、320°径向线顺时针方向至050°径向线之间(171°、357°径向线除外)、357°径向线航路程序距台17NM以外不可用。,Y,N,AE,N,N,N,ZLTS,N,
dac304bc-3992-4270-9364-72de2d9bd337,兰州情报区,Y,XNN,CH112X,西宁,VOR/DME,N363142,E1020154,116.5,MHz,-1.84,2196,M,DME：069°径向线航路高度6000米距台34NM以外、165°径向线航路高度6900米距台36NM以外、334°径向线航路高度5400米距台38NM以外不可用。,Y,N,AE,N,N,N,ZLXN,N,
6efe6e28-c04f-4cca-af57-30c869df3208,乌鲁木齐情报区,Y,PUN,CH110X,普兰,VOR/DME,N302449,E0810708,116.3,MHz,1.23,4236,M,045°径向线顺时针方向至310°径向线之间不可用（146°径向线复飞程序除外）。,Y,N,AE,N,N,N,ZUPL,Y,
919adbd6-935b-4fbd-9656-4e6732bbeb17,沈阳情报区,Y,DYS,CH81X,松原,VOR/DME,N445437,E1243159,113.4,MHz,-10.36,156,M,,Y,N,AE,N,N,N,ZYSQ,N,
02d01ad1-714f-4e61-93ee-81f752313959,乌鲁木齐情报区,Y,OLP,CH81X,玛旁雍,VOR/DME,N304745,E0812338,113.4,MHz,1.29,4801,M,090°径向线顺时针方向至208°径向线之间不可用。,Y,N,AE,N,N,N,ZUPL,Y,
3052e268-f470-4915-a42e-bdc958544a60,昆明情报区,Y,GYN,CH98X,广元,VOR/DME,N322316,E1054129,115.1,MHz,-2.94,627,M,,Y,N,AE,N,N,N,ZUGU,N,
50576754-5750-432f-a265-23de4db24bba,广州情报区,Y,GYA,CH112X,高要,VOR/DME,N230418,E1122907,116.5,MHz,-3.18,,,,Y,N,AE,N,N,N,ZGGG,Y,
073a9094-bb0d-4053-8e5a-ed5a2d4f4024,乌鲁木齐情报区,Y,TAI,CH90X,阿勒泰,VOR/DME,N474451,E0880507,114.3,MHz,3.85,766,M,,Y,N,AE,N,N,N,ZWAT,N,
fa0c3cef-43e4-48f1-8433-7e926d5f528d,武汉情报区,Y,WTM,CH25X,天门,VOR/DME,N304518,E1130834,108.8,MHz,-4.61,52,M,VOR：270°径向线距台36-44NM不可用。,Y,N,AE,N,N,N,ZHEC,Y,
09f2b1e2-b8ee-4440-a795-63e1eb0fb94d,北京情报区,Y,YCE,CH70X,运城,VOR/DME,N350644,E1105949,112.3,MHz,-4.9,405,M,,Y,N,AE,N,N,N,ZBYC,Y,
7ac0c951-c797-4c35-9cb0-9514c775506f,北京情报区,Y,BYD,CH31X,巴彦淖尔,VOR/DME,N405503,E1074622,109.4,MHz,-4.07,1042,M,,Y,N,AE,N,N,N,ZBYZ,N,
ca0a567e-06ef-4aa5-ade7-67604e59c294,沈阳情报区,Y,YCU,CH70X,伊春,VOR/DME,N474515,E1290117,112.3,MHz,-11.75,257,M,DME：232°径向线距台23NM以外、高度3600m（含）以下不可用。,Y,N,AE,N,N,N,ZYLD,N,
edb3b23b-f4f8-48f6-98ba-9ea04426479e,武汉情报区,Y,LRU,CH111X,临汝,VOR/DME,N340851,E1125025,116.4,MHz,-5.28,214,M,,Y,N,AE,N,N,N,ZHCC,N,
8e4987e8-2059-48ea-9310-da8eb9857118,昆明情报区,Y,GAO,CH121X,南充,VOR/DME,N304840,E1061121,117.4,MHz,-2.9,282,M,,Y,N,AE,N,N,N,ZUNC,N,
a53d9eb0-3828-4985-a381-0ddb5e4ccc2f,北京情报区,Y,DXC,CH112X,忻州,VOR/DME,N383515,E1125557,116.5,MHz,-5.54,776,M,,Y,N,AE,N,N,N,ZBXZ,N,
6e43dcd5-216e-414e-a71b-524ca129ca72,兰州情报区,Y,WUH,CH86X,乌海,VOR/DME,N394741,E1064746,113.9,MHz,-3.39,1108,M,VOR：106°径向线22NM以外不提供使用；DME：106°径向线19NM以外不提供使用。,Y,N,AE,N,N,N,ZBUH,N,
28db77c1-39ab-4452-95ee-cd0239a829e4,乌鲁木齐情报区,Y,DJS,CH95X,石河子,VOR/DME,N441427,E0855513,114.8,MHz,3.56,529,M,,Y,N,AE,N,N,N,ZWHZ,N,
19e467ea-3118-4090-bb86-61c1ea0e7b6a,上海情报区,Y,JHS,CH122X,池州,VOR/DME,N304340,E1174226,117.5,MHz,-5.32,26,M,VOR：327°径向线距台4-6NM之间不可用。,Y,N,AE,N,N,N,ZSJH,N,
8e979bac-84fc-4f61-bebf-294a26e3c13f,乌鲁木齐情报区,Y,SQH,CH92X,狮泉河,VOR/DME,N322733,E0800330,114.5,MHz,1.78,4293,M,,Y,N,AE,N,N,N,ZUAL,N,
9ee01ae7-ccd5-44c2-bfda-d9f72255c0f1,沈阳情报区,Y,HLH,CH104X,乌兰浩特,VOR/DME,N461115,E1220138,115.7,MHz,-10.09,297,M,VOR/DME：055°径向线顺时针方向至160°径向线之间（除136°、146°、149°、153°径向线）不可用；VOR：136°径向进近程序0.3NM以内不可用。,Y,N,AE,N,N,N,ZBUL,N,
